{"stats":{"minecraft:picked_up":{"minecraft:iron_chestplate":1,"minecraft:black_carpet":1,"minecraft:wheat":1,"minecraft:creeper_head":2,"minecraft:lead":1,"minecraft:potion":8,"minecraft:brewing_stand":1,"minecraft:string":11,"minecraft:smooth_stone_slab":1,"minecraft:iron_leggings":1,"minecraft:zombie_head":2,"minecraft:written_book":1,"minecraft:calcite":1,"minecraft:iron_pickaxe":1,"minecraft:enchanted_golden_apple":1,"minecraft:iron_boots":1,"minecraft:furnace":1,"supplementaries:enderman_head":1,"minecraft:tipped_arrow":3,"minecraft:spruce_pressure_plate":2,"minecraft:stick":3,"minecraft:deepslate_brick_wall":3,"minecraft:torch":6,"minecraft:acacia_log":2,"mowziesmobs:dart":219,"minecraft:porkchop":5,"born_in_chaos_v1:black_argillite_brick_stairs":1,"minecraft:rotten_flesh":41,"born_in_chaos_v1:magical_holiday_candy":2,"minecraft:polished_basalt":2,"supplementaries:antique_ink":1,"minecraft:iron_block":1,"supplementaries:ash":3,"minecraft:iron_bars":5,"undead_revamp2:arapholia":1,"minecraft:cobblestone":106,"minecraft:birch_log":23,"born_in_chaos_v1:staffof_magic_arrows":2,"minecraft:feather":8,"born_in_chaos_v1:spiritual_dust":68,"minecraft:andesite":3,"spartanshields:iron_basic_shield":2,"minecraft:potato":1,"minecraft:lantern":2,"minecraft:mangrove_slab":1,"minecraft:dirt":60,"minecraft:name_tag":1,"minecraft:bone":47,"undead_revamp2:blacpetalblock":1,"minecraft:wheat_seeds":31,"minecraft:deepslate_brick_slab":5,"create:mechanical_drill":1,"minecraft:cobbled_deepslate_slab":1,"born_in_chaos_v1:mint_candy":1,"minecraft:oak_planks":43,"create:cogwheel":1,"minecraft:sugar":1,"supplementaries:bamboo_spikes":8,"minecraft:light_blue_terracotta":2,"minecraft:bread":290,"born_in_chaos_v1:rotten_fish":1,"minecraft:light_gray_carpet":1,"minecraft:bubble_coral_block":1,"minecraft:dark_oak_fence":4,"minecraft:crafting_table":4,"minecraft:coarse_dirt":1,"minecraft:chicken":3,"minecraft:ladder":5,"gravestone:obituary":10,"minecraft:chain":1,"minecraft:moss_carpet":2,"minecraft:iron_axe":2,"minecraft:blackstone":6,"dungeons_plus:warped_axe":4,"minecraft:candle":11,"minecraft:beef":4,"minecraft:andesite_stairs":2,"dixtas_armory:wooden_greatsword":1,"minecraft:egg":4,"minecraft:polished_deepslate_slab":1,"minecraft:copper_ingot":3,"sophisticatedbackpacks:backpack":6,"minecraft:spruce_fence":1,"create:hand_crank":1,"born_in_chaos_v1:pieceofdarkmetal":1,"minecraft:mangrove_trapdoor":1,"mowziesmobs:umvuthana_mask_faith":1,"minecraft:arrow":64,"minecraft:diamond_chestplate":1,"minecraft:hay_block":1,"born_in_chaos_v1:corpse_maggot":1,"born_in_chaos_v1:infernal_evil_pumpkin":1,"minecraft:salmon":9,"minecraft:leather":1,"minecraft:birch_planks":2,"minecraft:filled_map":2,"minecraft:oak_log":22,"minecraft:yellow_bed":1,"dixtas_armory:stone_twinblade":1,"minecraft:blue_bed":1,"quark:forgotten_hat":3,"create:copper_ladder":1,"mowziesmobs:umvuthana_mask_rage":3,"minecraft:gray_carpet":1,"minecraft:stone_pickaxe":2,"minecraft:iron_sword":2,"mowziesmobs:umvuthana_mask_misery":1,"cctvcraft:raw_aluminum":18,"minecraft:book":6,"mowziesmobs:blowgun":1,"minecraft:dandelion":1,"minecraft:white_bed":1,"cctvcraft:aluminum_ingot":16,"minecraft:spider_eye":5,"minecraft:pumpkin_seeds":2,"minecraft:stone_axe":2,"minecraft:iron_helmet":1,"quark:hollow_birch_log":2,"mowziesmobs:umvuthana_mask_fear":1,"minecraft:melon_seeds":1,"minecraft:coal":9},"minecraft:broken":{"minecraft:iron_boots":1,"minecraft:iron_leggings":1,"minecraft:iron_sword":1,"mowziesmobs:umvuthana_mask_misery":1,"minecraft:iron_helmet":1},"minecraft:custom":{"minecraft:interact_with_crafting_table":19,"minecraft:open_barrel":57,"minecraft:leave_game":14,"minecraft:time_since_death":6475,"minecraft:damage_resisted":303,"minecraft:sprint_one_cm":644279,"minecraft:damage_blocked_by_shield":1213,"minecraft:drop":148,"minecraft:talked_to_villager":1,"minecraft:play_time":444249,"minecraft:deaths":51,"minecraft:jump":4828,"minecraft:walk_on_water_one_cm":55566,"minecraft:interact_with_furnace":21,"minecraft:sleep_in_bed":5,"minecraft:damage_dealt":26324,"minecraft:player_kills":1,"minecraft:crouch_one_cm":32451,"minecraft:mob_kills":111,"minecraft:interact_with_anvil":1,"minecraft:damage_dealt_resisted":2705,"minecraft:climb_one_cm":22297,"minecraft:walk_one_cm":818396,"minecraft:sneak_time":14074,"minecraft:walk_under_water_one_cm":97902,"minecraft:boat_one_cm":116209,"minecraft:interact_with_lectern":2,"minecraft:total_world_time":444249,"spartanshields:shield_bash_hits":9,"minecraft:pot_flower":1,"minecraft:time_since_rest":6510,"minecraft:damage_taken":20119548,"minecraft:trigger_trapped_chest":2,"minecraft:swim_one_cm":122110,"minecraft:fly_one_cm":1003106,"minecraft:open_chest":55,"minecraft:fall_one_cm":107375},"minecraft:dropped":{"minecraft:birch_planks":4,"dungeons_plus:warped_axe":1,"mowziesmobs:umvuthana_mask_faith":1,"minecraft:lantern":1,"minecraft:dirt":1,"gravestone:obituary":37,"minecraft:bone_block":2,"minecraft:sugar":1,"undead_revamp2:blacpetalblock":1,"minecraft:mangrove_slab":1,"minecraft:bone":8,"mowziesmobs:umvuthana_mask_rage":3,"minecraft:black_carpet":1,"minecraft:wheat":1,"undead_revamp2:arapholia":1,"minecraft:deepslate_brick_slab":5,"minecraft:rotten_flesh":33,"minecraft:oak_planks":34,"minecraft:light_gray_carpet":1,"supplementaries:enderman_head":1,"dixtas_armory:stone_greatsword":1,"supplementaries:ash":2,"minecraft:melon_seeds":1,"minecraft:spruce_pressure_plate":2,"minecraft:ladder":5,"minecraft:arrow":5,"minecraft:egg":3,"minecraft:bread":213,"minecraft:wheat_seeds":24,"supplementaries:bamboo_spikes":1,"minecraft:mangrove_trapdoor":1,"quark:hollow_birch_log":1,"minecraft:deepslate_brick_wall":3,"minecraft:lead":2,"mowziesmobs:umvuthana_mask_fear":1,"minecraft:copper_ingot":3,"minecraft:coal":2,"minecraft:stick":8,"minecraft:iron_block":1,"cctvcraft:aluminum_ingot":16,"minecraft:torch":8,"minecraft:zombie_head":2,"minecraft:potion":4,"minecraft:iron_leggings":1,"minecraft:polished_basalt":2,"born_in_chaos_v1:staffof_magic_arrows":1,"minecraft:string":7,"create:mechanical_drill":1,"minecraft:gray_carpet":1,"minecraft:acacia_planks":5,"minecraft:dandelion":1,"minecraft:moss_carpet":2,"minecraft:creeper_head":2,"born_in_chaos_v1:black_argillite_brick_stairs":1,"minecraft:smooth_stone_slab":1,"born_in_chaos_v1:rotten_fish":1,"minecraft:polished_deepslate_slab":1,"sophisticatedbackpacks:backpack":4,"minecraft:spruce_fence":1,"minecraft:pumpkin_seeds":2,"minecraft:filled_map":2,"minecraft:iron_chestplate":1,"minecraft:andesite":3,"minecraft:andesite_stairs":2,"minecraft:spider_eye":1,"minecraft:stone_pickaxe":2,"minecraft:light_blue_terracotta":2,"minecraft:calcite":1},"minecraft:killed":{"minecraft:cave_spider":4,"born_in_chaos_v1:mr_pumpkin":5,"born_in_chaos_v1:door_knight_not_despawn":1,"minecraft:spider":13,"minecraft:shulker":1,"born_in_chaos_v1:baby_skeleton_minion":2,"quark:forgotten":3,"minecraft:skeleton":1,"minecraft:chicken":2,"mowziesmobs:umvuthana_crane":5,"antlers:wendigo":1,"born_in_chaos_v1:firelight_not_despawn":1,"minecraft:piglin":2,"minecraft:pig":3,"minecraft:salmon":11,"minecraft:pillager":7,"antlers:wendigomad":2,"minecraft:zombie":3,"minecraft:stray":4,"born_in_chaos_v1:door_knight":1,"minecraft:cow":2,"born_in_chaos_v1:maggot":2,"minecraft:drowned":10,"mowziesmobs:umvuthana":8,"born_in_chaos_v1:bone_imp_minion":4,"undead_revamp2:the_moonflower":1,"born_in_chaos_v1:decrepit_skeleton":1,"born_in_chaos_v1:controlled_baby_skeleton":2},"minecraft:used":{"minecraft:oak_sign":1,"minecraft:iron_sword":273,"minecraft:carrot":10,"minecraft:lantern":1,"born_in_chaos_v1:mint_candy":1,"spartanshields:iron_basic_shield":167,"minecraft:sweet_berries":2,"minecraft:furnace":4,"minecraft:egg":1,"minecraft:stone_pickaxe":62,"minecraft:oak_planks":42,"minecraft:blackstone":4,"minecraft:wooden_pickaxe":57,"dungeons_plus:warped_axe":93,"born_in_chaos_v1:infernal_evil_pumpkin":1,"minecraft:bread":122,"deeperdarker:warden_sword":28,"born_in_chaos_v1:staffof_magic_arrows":127,"dixtas_armory:wooden_greatsword":35,"minecraft:birch_log":5,"minecraft:cobweb":12,"mowziesmobs:blowgun":48,"minecraft:cooked_salmon":7,"minecraft:torch":11,"minecraft:dirt":25,"dixtas_armory:stone_greatsword":103,"minecraft:iron_axe":89,"minecraft:acacia_planks":3,"minecraft:iron_leggings":1,"minecraft:birch_planks":17,"minecraft:glass_bottle":1,"quark:hollow_birch_log":1,"minecraft:crafting_table":7,"minecraft:chicken":1,"minecraft:iron_pickaxe":1,"minecraft:stone_axe":2,"minecraft:cobblestone":41,"minecraft:potion":2,"minecraft:cooked_porkchop":1,"minecraft:porkchop":5,"minecraft:yellow_bed":1,"minecraft:candle":11},"minecraft:crafted":{"minecraft:oak_planks":88,"minecraft:crafting_table":4,"minecraft:wooden_pickaxe":2,"dixtas_armory:stone_greatsword":1,"minecraft:birch_planks":44,"minecraft:stick":40,"minecraft:furnace":3,"cctvcraft:aluminum_ingot":16,"minecraft:stone_pickaxe":2,"minecraft:cooked_salmon":7,"minecraft:air":0,"minecraft:acacia_planks":8,"minecraft:torch":24},"minecraft:killed_by":{"born_in_chaos_v1:mr_pumpkin":2,"born_in_chaos_v1:bone_imp_minion":4,"quark:forgotten":2,"bwrtherain:vapor":2,"mowziesmobs:umvuthi":9,"man:managgresive":1,"minecraft:cave_spider":1,"minecraft:zombie":1,"born_in_chaos_v1:supreme_bonescaller_stage_2":2,"minecraft:player":7,"minecraft:spider":3,"apollyon:the_infector":1,"minecraft:shulker":1,"born_in_chaos_v1:sir_pumpkinhead":1,"minecraft:skeleton":1,"born_in_chaos_v1:skeleton_thrasher_not_despawn":1,"antlers:wendigo":9,"endofherobrine:pigman":1},"minecraft:mined":{"minecraft:white_bed":1,"quark:yellow_blossom_leaves":3,"minecraft:andesite_stairs":2,"minecraft:brewing_stand":1,"cctvcraft:aluminum_ore":13,"minecraft:spruce_trapdoor":1,"minecraft:acacia_log":2,"minecraft:grass_block":20,"minecraft:spawner":4,"minecraft:tall_seagrass":2,"minecraft:fire":2,"born_in_chaos_v1:black_argillite_brick_stairs":1,"minecraft:iron_bars":2,"minecraft:spruce_pressure_plate":2,"minecraft:blackstone":6,"minecraft:torch":1,"minecraft:mushroom_stem":1,"minecraft:cobblestone":2,"minecraft:oak_planks":11,"minecraft:wall_torch":2,"minecraft:seagrass":2,"minecraft:light_blue_terracotta":2,"minecraft:chain":1,"minecraft:birch_log":16,"born_in_chaos_v1:river_mint":1,"minecraft:grass":56,"minecraft:oak_log":23,"minecraft:dirt":16,"structure_gel:dynamic_spawner":1,"born_in_chaos_v1:infernal_evil_pumpkin_s":1,"minecraft:oak_leaves":5,"minecraft:dark_oak_leaves":1,"minecraft:candle":5,"gravestone:gravestone":39,"born_in_chaos_v1:black_argillite_brick_wall":1,"create:encased_fan":4,"minecraft:mangrove_trapdoor":1,"minecraft:furnace":1,"minecraft:andesite":2,"minecraft:bell":1,"minecraft:lantern":1,"minecraft:stone":69,"minecraft:brain_coral":1,"minecraft:crafting_table":3,"minecraft:tall_grass":7,"endofherobrine:mossy_stone_bricks":2,"minecraft:blue_bed":1,"minecraft:birch_planks":2,"antlers:sheep_corpse":1,"create:gearbox":1,"minecraft:mangrove_slab":1,"minecraft:coal_ore":7,"minecraft:acacia_planks":3}},"DataVersion":3465}