{"stats":{"minecraft:killed_by":{"minecraft:player":2,"minecraft:spider":3,"born_in_chaos_v1:bone_imp_minion":4,"bwrtherain:vapor":1,"mowziesmobs:umvuthi":3,"minecraft:zombie":1,"born_in_chaos_v1:skeleton_thrasher_not_despawn":1,"born_in_chaos_v1:supreme_bonescaller_stage_2":2,"antlers:wendigo":6},"minecraft:crafted":{"minecraft:oak_planks":88,"minecraft:furnace":1,"minecraft:stone_pickaxe":2,"minecraft:crafting_table":4,"minecraft:wooden_pickaxe":2,"minecraft:cooked_salmon":7,"dixtas_armory:stone_greatsword":1,"minecraft:birch_planks":4,"minecraft:air":0,"minecraft:stick":40,"minecraft:torch":24},"minecraft:killed":{"minecraft:cave_spider":3,"minecraft:spider":6,"born_in_chaos_v1:baby_skeleton_minion":2,"mowziesmobs:umvuthana_crane":3,"antlers:wendigo":1,"mowziesmobs:umvuthana":4,"minecraft:pig":2,"born_in_chaos_v1:bone_imp_minion":4,"minecraft:salmon":11,"antlers:wendigomad":1,"minecraft:zombie":3,"minecraft:stray":4,"born_in_chaos_v1:door_knight":1},"minecraft:mined":{"minecraft:white_bed":1,"minecraft:dark_oak_leaves":1,"minecraft:brewing_stand":1,"gravestone:gravestone":21,"minecraft:grass_block":11,"minecraft:mangrove_trapdoor":1,"minecraft:spawner":2,"minecraft:tall_seagrass":1,"minecraft:andesite":2,"minecraft:iron_bars":1,"minecraft:stone":55,"minecraft:crafting_table":2,"minecraft:tall_grass":1,"minecraft:cobblestone":1,"endofherobrine:mossy_stone_bricks":2,"minecraft:wall_torch":1,"minecraft:seagrass":1,"minecraft:light_blue_terracotta":2,"minecraft:chain":1,"antlers:sheep_corpse":1,"minecraft:birch_log":16,"born_in_chaos_v1:river_mint":1,"minecraft:grass":21,"minecraft:mangrove_slab":1,"minecraft:oak_log":23,"minecraft:coal_ore":7,"minecraft:dirt":7,"minecraft:oak_leaves":5},"minecraft:dropped":{"minecraft:birch_planks":4,"minecraft:mangrove_trapdoor":1,"quark:hollow_birch_log":1,"minecraft:lead":2,"minecraft:stick":5,"minecraft:iron_block":1,"minecraft:dirt":1,"minecraft:torch":8,"minecraft:potion":1,"minecraft:iron_leggings":1,"gravestone:obituary":21,"born_in_chaos_v1:staffof_magic_arrows":1,"minecraft:sugar":1,"undead_revamp2:blacpetalblock":1,"minecraft:string":1,"minecraft:mangrove_slab":1,"minecraft:moss_carpet":2,"minecraft:rotten_flesh":10,"minecraft:oak_planks":34,"sophisticatedbackpacks:backpack":1,"minecraft:light_gray_carpet":1,"supplementaries:enderman_head":1,"dixtas_armory:stone_greatsword":1,"supplementaries:ash":1,"minecraft:andesite":3,"minecraft:melon_seeds":1,"minecraft:arrow":2,"minecraft:stone_pickaxe":1,"minecraft:light_blue_terracotta":2},"minecraft:used":{"minecraft:oak_sign":1,"minecraft:iron_sword":130,"minecraft:cooked_salmon":7,"minecraft:torch":7,"minecraft:dirt":19,"minecraft:carrot":10,"dixtas_armory:stone_greatsword":103,"minecraft:iron_axe":43,"born_in_chaos_v1:mint_candy":1,"spartanshields:iron_basic_shield":39,"minecraft:sweet_berries":2,"minecraft:furnace":1,"minecraft:egg":1,"minecraft:iron_leggings":1,"minecraft:stone_pickaxe":18,"quark:hollow_birch_log":1,"minecraft:wooden_pickaxe":57,"minecraft:crafting_table":6,"minecraft:chicken":1,"minecraft:bread":25,"deeperdarker:warden_sword":28,"dixtas_armory:wooden_greatsword":35,"minecraft:stone_axe":2,"minecraft:cobblestone":9,"minecraft:porkchop":5,"minecraft:birch_log":5,"minecraft:yellow_bed":1,"minecraft:cobweb":12},"minecraft:broken":{"minecraft:iron_helmet":1},"minecraft:custom":{"minecraft:mob_kills":49,"minecraft:interact_with_crafting_table":9,"minecraft:open_barrel":33,"minecraft:damage_dealt_resisted":1695,"minecraft:leave_game":9,"minecraft:time_since_death":17289,"minecraft:climb_one_cm":412,"minecraft:sprint_one_cm":303210,"minecraft:walk_one_cm":436086,"minecraft:damage_blocked_by_shield":585,"minecraft:drop":63,"minecraft:play_time":202458,"minecraft:deaths":24,"minecraft:sneak_time":9335,"minecraft:walk_under_water_one_cm":15138,"minecraft:boat_one_cm":14736,"minecraft:jump":2058,"minecraft:walk_on_water_one_cm":20550,"minecraft:total_world_time":202458,"minecraft:interact_with_furnace":4,"spartanshields:shield_bash_hits":8,"minecraft:pot_flower":1,"minecraft:sleep_in_bed":4,"minecraft:time_since_rest":13,"minecraft:damage_taken":10108268,"minecraft:trigger_trapped_chest":2,"minecraft:damage_dealt":11743,"minecraft:swim_one_cm":24474,"minecraft:fly_one_cm":322675,"minecraft:player_kills":1,"minecraft:open_chest":23,"minecraft:crouch_one_cm":19935,"minecraft:fall_one_cm":36932},"minecraft:picked_up":{"minecraft:crafting_table":3,"minecraft:coarse_dirt":1,"minecraft:wheat":1,"minecraft:chicken":1,"minecraft:creeper_head":1,"minecraft:lead":1,"minecraft:potion":2,"minecraft:chain":1,"gravestone:obituary":7,"minecraft:brewing_stand":1,"minecraft:string":5,"minecraft:moss_carpet":2,"minecraft:iron_axe":2,"minecraft:zombie_head":1,"dixtas_armory:wooden_greatsword":1,"minecraft:egg":1,"minecraft:tipped_arrow":3,"supplementaries:enderman_head":1,"minecraft:stick":3,"minecraft:torch":5,"sophisticatedbackpacks:backpack":4,"minecraft:porkchop":5,"born_in_chaos_v1:pieceofdarkmetal":1,"minecraft:mangrove_trapdoor":1,"minecraft:arrow":8,"minecraft:rotten_flesh":17,"minecraft:hay_block":1,"minecraft:iron_block":1,"supplementaries:ash":1,"minecraft:iron_bars":5,"minecraft:cobblestone":61,"minecraft:birch_log":17,"born_in_chaos_v1:staffof_magic_arrows":2,"born_in_chaos_v1:corpse_maggot":1,"minecraft:feather":4,"born_in_chaos_v1:spiritual_dust":4,"minecraft:andesite":3,"minecraft:salmon":9,"spartanshields:iron_basic_shield":1,"minecraft:potato":1,"minecraft:oak_log":22,"minecraft:yellow_bed":1,"dixtas_armory:stone_twinblade":1,"minecraft:mangrove_slab":1,"minecraft:dirt":38,"minecraft:lantern":2,"minecraft:name_tag":1,"minecraft:bone":8,"undead_revamp2:blacpetalblock":1,"mowziesmobs:umvuthana_mask_rage":2,"minecraft:wheat_seeds":22,"minecraft:stone_pickaxe":2,"born_in_chaos_v1:mint_candy":1,"minecraft:iron_sword":2,"minecraft:oak_planks":1,"cctvcraft:raw_aluminum":2,"minecraft:white_bed":1,"minecraft:spider_eye":3,"minecraft:pumpkin_seeds":2,"minecraft:sugar":1,"minecraft:light_blue_terracotta":2,"minecraft:stone_axe":2,"minecraft:iron_helmet":1,"quark:hollow_birch_log":2,"minecraft:bread":78,"mowziesmobs:umvuthana_mask_fear":1,"minecraft:light_gray_carpet":1,"minecraft:melon_seeds":1,"minecraft:coal":7}},"DataVersion":3465}