{"stats":{"minecraft:picked_up":{"minecraft:iron_chestplate":1,"minecraft:coarse_dirt":1,"minecraft:crafting_table":4,"minecraft:wheat":1,"minecraft:black_carpet":1,"minecraft:chicken":2,"minecraft:ladder":5,"minecraft:creeper_head":2,"minecraft:lead":1,"minecraft:potion":8,"minecraft:chain":1,"gravestone:obituary":9,"minecraft:brewing_stand":1,"minecraft:string":7,"minecraft:moss_carpet":2,"minecraft:iron_axe":2,"minecraft:smooth_stone_slab":1,"minecraft:iron_leggings":1,"minecraft:zombie_head":2,"minecraft:candle":11,"minecraft:beef":4,"minecraft:calcite":1,"dixtas_armory:wooden_greatsword":1,"minecraft:furnace":1,"minecraft:iron_boots":1,"minecraft:egg":1,"minecraft:tipped_arrow":3,"supplementaries:enderman_head":1,"minecraft:stick":3,"minecraft:deepslate_brick_wall":3,"minecraft:copper_ingot":3,"minecraft:torch":6,"mowziesmobs:dart":219,"minecraft:spruce_fence":1,"sophisticatedbackpacks:backpack":5,"minecraft:porkchop":5,"born_in_chaos_v1:pieceofdarkmetal":1,"minecraft:mangrove_trapdoor":1,"mowziesmobs:umvuthana_mask_faith":1,"minecraft:arrow":11,"minecraft:rotten_flesh":34,"minecraft:diamond_chestplate":1,"minecraft:polished_basalt":2,"minecraft:hay_block":1,"minecraft:iron_block":1,"supplementaries:ash":2,"minecraft:iron_bars":5,"undead_revamp2:arapholia":1,"minecraft:cobblestone":105,"minecraft:birch_log":23,"born_in_chaos_v1:corpse_maggot":1,"born_in_chaos_v1:staffof_magic_arrows":2,"born_in_chaos_v1:infernal_evil_pumpkin":1,"minecraft:feather":8,"born_in_chaos_v1:spiritual_dust":68,"minecraft:andesite":3,"minecraft:salmon":9,"spartanshields:iron_basic_shield":2,"minecraft:leather":1,"minecraft:potato":1,"minecraft:birch_planks":2,"minecraft:oak_log":22,"minecraft:yellow_bed":1,"dixtas_armory:stone_twinblade":1,"minecraft:mangrove_slab":1,"minecraft:dirt":60,"minecraft:lantern":2,"minecraft:name_tag":1,"minecraft:bone":13,"undead_revamp2:blacpetalblock":1,"minecraft:gray_carpet":1,"mowziesmobs:umvuthana_mask_rage":3,"minecraft:wheat_seeds":31,"minecraft:deepslate_brick_slab":5,"minecraft:stone_pickaxe":2,"cctvcraft:raw_aluminum":18,"mowziesmobs:umvuthana_mask_misery":1,"minecraft:iron_sword":2,"minecraft:oak_planks":34,"born_in_chaos_v1:mint_candy":1,"minecraft:book":6,"mowziesmobs:blowgun":1,"minecraft:dandelion":1,"minecraft:white_bed":1,"cctvcraft:aluminum_ingot":16,"minecraft:spider_eye":4,"minecraft:pumpkin_seeds":2,"minecraft:sugar":1,"minecraft:light_blue_terracotta":2,"minecraft:stone_axe":2,"minecraft:iron_helmet":1,"quark:hollow_birch_log":2,"minecraft:bread":290,"mowziesmobs:umvuthana_mask_fear":1,"minecraft:bubble_coral_block":1,"minecraft:light_gray_carpet":1,"minecraft:melon_seeds":1,"minecraft:dark_oak_fence":4,"minecraft:coal":9},"minecraft:broken":{"minecraft:iron_boots":1,"mowziesmobs:umvuthana_mask_misery":1,"minecraft:iron_sword":1,"minecraft:iron_helmet":1},"minecraft:custom":{"minecraft:mob_kills":84,"minecraft:interact_with_crafting_table":18,"minecraft:open_barrel":40,"minecraft:damage_dealt_resisted":2428,"minecraft:leave_game":14,"minecraft:time_since_death":40721,"minecraft:damage_resisted":303,"minecraft:climb_one_cm":1633,"minecraft:sprint_one_cm":520182,"minecraft:walk_one_cm":639837,"minecraft:damage_blocked_by_shield":1149,"minecraft:drop":110,"minecraft:play_time":348249,"minecraft:sneak_time":11282,"minecraft:deaths":42,"minecraft:walk_under_water_one_cm":96937,"minecraft:interact_with_lectern":2,"minecraft:boat_one_cm":105438,"minecraft:jump":3781,"minecraft:walk_on_water_one_cm":49568,"minecraft:total_world_time":348249,"minecraft:interact_with_furnace":21,"spartanshields:shield_bash_hits":9,"minecraft:pot_flower":1,"minecraft:sleep_in_bed":4,"minecraft:time_since_rest":40754,"minecraft:damage_taken":10115354,"minecraft:trigger_trapped_chest":2,"minecraft:damage_dealt":20456,"minecraft:swim_one_cm":115986,"minecraft:fly_one_cm":738896,"minecraft:player_kills":1,"minecraft:open_chest":34,"minecraft:crouch_one_cm":25569,"minecraft:fall_one_cm":77535},"minecraft:dropped":{"minecraft:bread":213,"minecraft:birch_planks":4,"minecraft:wheat_seeds":24,"minecraft:mangrove_trapdoor":1,"quark:hollow_birch_log":1,"minecraft:deepslate_brick_wall":3,"mowziesmobs:umvuthana_mask_faith":1,"minecraft:lead":2,"mowziesmobs:umvuthana_mask_fear":1,"minecraft:copper_ingot":3,"minecraft:coal":2,"minecraft:stick":8,"minecraft:iron_block":1,"minecraft:dirt":1,"cctvcraft:aluminum_ingot":16,"minecraft:torch":8,"minecraft:zombie_head":1,"minecraft:potion":1,"minecraft:iron_leggings":1,"gravestone:obituary":32,"minecraft:polished_basalt":2,"born_in_chaos_v1:staffof_magic_arrows":1,"minecraft:sugar":1,"undead_revamp2:blacpetalblock":1,"minecraft:string":3,"minecraft:mangrove_slab":1,"minecraft:gray_carpet":1,"minecraft:dandelion":1,"minecraft:bone":8,"minecraft:moss_carpet":2,"minecraft:creeper_head":1,"mowziesmobs:umvuthana_mask_rage":3,"minecraft:smooth_stone_slab":1,"minecraft:wheat":1,"undead_revamp2:arapholia":1,"minecraft:deepslate_brick_slab":5,"minecraft:rotten_flesh":16,"minecraft:oak_planks":34,"sophisticatedbackpacks:backpack":2,"minecraft:light_gray_carpet":1,"supplementaries:enderman_head":1,"minecraft:spruce_fence":1,"minecraft:pumpkin_seeds":2,"dixtas_armory:stone_greatsword":1,"supplementaries:ash":1,"minecraft:andesite":3,"minecraft:melon_seeds":1,"minecraft:ladder":5,"minecraft:spider_eye":1,"minecraft:arrow":2,"minecraft:stone_pickaxe":1,"minecraft:light_blue_terracotta":2,"minecraft:calcite":1},"minecraft:killed":{"minecraft:cave_spider":3,"born_in_chaos_v1:mr_pumpkin":5,"minecraft:spider":10,"minecraft:shulker":1,"born_in_chaos_v1:baby_skeleton_minion":2,"born_in_chaos_v1:maggot":2,"minecraft:chicken":1,"mowziesmobs:umvuthana_crane":5,"minecraft:drowned":10,"antlers:wendigo":1,"mowziesmobs:umvuthana":8,"minecraft:pig":2,"born_in_chaos_v1:bone_imp_minion":4,"minecraft:salmon":11,"undead_revamp2:the_moonflower":1,"antlers:wendigomad":2,"minecraft:zombie":3,"minecraft:stray":4,"born_in_chaos_v1:door_knight":1,"minecraft:cow":2},"minecraft:used":{"minecraft:oak_sign":1,"minecraft:iron_sword":273,"mowziesmobs:blowgun":46,"minecraft:cooked_salmon":7,"minecraft:torch":10,"minecraft:dirt":25,"minecraft:carrot":10,"dixtas_armory:stone_greatsword":103,"minecraft:lantern":1,"minecraft:iron_axe":48,"born_in_chaos_v1:mint_candy":1,"minecraft:sweet_berries":2,"spartanshields:iron_basic_shield":149,"minecraft:furnace":4,"minecraft:egg":1,"minecraft:iron_leggings":1,"minecraft:birch_planks":17,"minecraft:glass_bottle":1,"minecraft:stone_pickaxe":48,"minecraft:oak_planks":12,"quark:hollow_birch_log":1,"minecraft:wooden_pickaxe":57,"minecraft:crafting_table":7,"born_in_chaos_v1:infernal_evil_pumpkin":1,"minecraft:chicken":1,"minecraft:bread":76,"deeperdarker:warden_sword":28,"born_in_chaos_v1:staffof_magic_arrows":127,"dixtas_armory:wooden_greatsword":35,"minecraft:stone_axe":2,"minecraft:cobblestone":40,"minecraft:potion":2,"minecraft:porkchop":5,"minecraft:cooked_porkchop":1,"minecraft:birch_log":5,"minecraft:yellow_bed":1,"minecraft:candle":11,"minecraft:cobweb":12},"minecraft:crafted":{"minecraft:oak_planks":88,"minecraft:furnace":3,"cctvcraft:aluminum_ingot":16,"minecraft:stone_pickaxe":2,"minecraft:crafting_table":4,"minecraft:wooden_pickaxe":2,"dixtas_armory:stone_greatsword":1,"minecraft:cooked_salmon":7,"minecraft:birch_planks":44,"minecraft:air":0,"minecraft:stick":40,"minecraft:torch":24},"minecraft:killed_by":{"minecraft:player":3,"born_in_chaos_v1:mr_pumpkin":2,"minecraft:spider":3,"apollyon:the_infector":1,"born_in_chaos_v1:bone_imp_minion":4,"bwrtherain:vapor":1,"mowziesmobs:umvuthi":9,"man:managgresive":1,"minecraft:shulker":1,"born_in_chaos_v1:sir_pumpkinhead":1,"minecraft:skeleton":1,"minecraft:zombie":1,"born_in_chaos_v1:skeleton_thrasher_not_despawn":1,"born_in_chaos_v1:supreme_bonescaller_stage_2":2,"antlers:wendigo":9,"endofherobrine:pigman":1},"minecraft:mined":{"minecraft:white_bed":1,"quark:yellow_blossom_leaves":3,"minecraft:dark_oak_leaves":1,"minecraft:candle":5,"minecraft:brewing_stand":1,"cctvcraft:aluminum_ore":13,"gravestone:gravestone":34,"minecraft:grass_block":14,"minecraft:mangrove_trapdoor":1,"minecraft:spawner":2,"minecraft:tall_seagrass":2,"minecraft:furnace":1,"minecraft:fire":2,"minecraft:andesite":2,"minecraft:iron_bars":2,"minecraft:stone":69,"minecraft:brain_coral":1,"minecraft:torch":1,"minecraft:crafting_table":3,"minecraft:tall_grass":5,"minecraft:cobblestone":1,"minecraft:wall_torch":2,"minecraft:oak_planks":1,"endofherobrine:mossy_stone_bricks":2,"minecraft:seagrass":2,"minecraft:light_blue_terracotta":2,"minecraft:chain":1,"minecraft:birch_planks":2,"antlers:sheep_corpse":1,"minecraft:birch_log":16,"born_in_chaos_v1:river_mint":1,"minecraft:grass":51,"minecraft:mangrove_slab":1,"minecraft:coal_ore":7,"minecraft:oak_log":23,"minecraft:dirt":12,"structure_gel:dynamic_spawner":1,"born_in_chaos_v1:infernal_evil_pumpkin_s":1,"minecraft:oak_leaves":5}},"DataVersion":3465}