{"stats":{"minecraft:picked_up":{"minecraft:iron_chestplate":1,"minecraft:black_carpet":1,"minecraft:wheat":1,"minecraft:creeper_head":2,"minecraft:diamond_sword":3,"minecraft:lead":5,"minecraft:potion":9,"spartanshields:diamond_basic_shield":1,"minecraft:brewing_stand":1,"minecraft:string":15,"minecraft:smooth_stone_slab":1,"minecraft:iron_leggings":2,"minecraft:zombie_head":2,"supplementaries:hourglass":1,"minecraft:bucket":1,"minecraft:written_book":3,"minecraft:calcite":1,"minecraft:iron_pickaxe":2,"minecraft:enchanted_golden_apple":1,"minecraft:iron_boots":2,"minecraft:furnace":1,"supplementaries:enderman_head":1,"minecraft:tipped_arrow":3,"minecraft:spruce_pressure_plate":2,"minecraft:stick":5,"minecraft:deepslate_brick_wall":3,"minecraft:torch":74,"minecraft:acacia_log":2,"mowziesmobs:dart":410,"minecraft:porkchop":5,"born_in_chaos_v1:black_argillite_brick_stairs":1,"minecraft:rotten_flesh":45,"born_in_chaos_v1:magical_holiday_candy":2,"minecraft:polished_basalt":2,"supplementaries:antique_ink":2,"minecraft:iron_block":1,"supplementaries:ash":3,"minecraft:iron_bars":5,"undead_revamp2:arapholia":1,"minecraft:cobblestone":106,"minecraft:birch_log":32,"born_in_chaos_v1:staffof_magic_arrows":3,"minecraft:feather":8,"born_in_chaos_v1:spiritual_dust":114,"minecraft:andesite":3,"spartanshields:iron_basic_shield":3,"minecraft:potato":1,"sophisticatedbackpacks:battery_upgrade":1,"supplementaries:slingshot":1,"minecraft:lantern":2,"minecraft:mangrove_slab":1,"minecraft:dirt":60,"minecraft:name_tag":1,"minecraft:bone":121,"undead_revamp2:blacpetalblock":1,"minecraft:wheat_seeds":53,"minecraft:deepslate_brick_slab":5,"create:mechanical_drill":1,"minecraft:cobbled_deepslate_slab":1,"born_in_chaos_v1:mint_candy":1,"minecraft:oak_planks":286,"create:cogwheel":1,"minecraft:sugar":1,"supplementaries:bamboo_spikes":8,"minecraft:light_blue_terracotta":2,"minecraft:emerald":5,"minecraft:bread":338,"born_in_chaos_v1:rotten_fish":1,"minecraft:light_gray_carpet":1,"minecraft:bubble_coral_block":1,"minecraft:dark_oak_fence":4,"minecraft:crafting_table":5,"minecraft:coarse_dirt":1,"minecraft:chicken":5,"minecraft:ladder":5,"minecraft:diamond_horse_armor":1,"gravestone:obituary":15,"minecraft:chain":1,"minecraft:moss_carpet":2,"minecraft:iron_axe":3,"minecraft:blackstone":6,"dungeons_plus:warped_axe":6,"minecraft:candle":11,"minecraft:beef":8,"minecraft:andesite_stairs":2,"dixtas_armory:wooden_greatsword":1,"minecraft:birch_sapling":1,"minecraft:egg":5,"minecraft:polished_deepslate_slab":1,"minecraft:copper_ingot":3,"sophisticatedbackpacks:backpack":6,"minecraft:spruce_fence":1,"create:hand_crank":1,"born_in_chaos_v1:pieceofdarkmetal":1,"minecraft:mangrove_trapdoor":1,"mowziesmobs:umvuthana_mask_faith":1,"minecraft:arrow":134,"minecraft:diamond_chestplate":2,"minecraft:hay_block":1,"minecraft:saddle":2,"born_in_chaos_v1:corpse_maggot":1,"born_in_chaos_v1:infernal_evil_pumpkin":1,"minecraft:salmon":9,"minecraft:leather":3,"minecraft:carrot_on_a_stick":1,"minecraft:birch_planks":2,"minecraft:filled_map":4,"minecraft:oak_log":34,"minecraft:yellow_bed":1,"dixtas_armory:stone_twinblade":1,"minecraft:blue_bed":4,"quark:forgotten_hat":5,"create:copper_ladder":2,"minecraft:apple":4,"mowziesmobs:umvuthana_mask_rage":3,"minecraft:gray_carpet":1,"minecraft:stone_pickaxe":2,"minecraft:glass_bottle":1,"minecraft:iron_sword":4,"mowziesmobs:umvuthana_mask_misery":1,"cctvcraft:raw_aluminum":18,"sophisticatedbackpacks:diamond_backpack":1,"minecraft:book":6,"mowziesmobs:blowgun":2,"minecraft:dandelion":1,"minecraft:white_bed":1,"cctvcraft:aluminum_ingot":32,"minecraft:spider_eye":6,"create:gearbox":6,"supplementaries:clock_block":1,"minecraft:pumpkin_seeds":2,"minecraft:stone_axe":3,"minecraft:iron_helmet":2,"quark:hollow_birch_log":2,"mowziesmobs:umvuthana_mask_fear":1,"minecraft:melon_seeds":1,"minecraft:coal":9},"minecraft:broken":{"minecraft:iron_boots":1,"minecraft:iron_leggings":1,"minecraft:iron_sword":1,"quark:forgotten_hat":1,"mowziesmobs:umvuthana_mask_misery":1,"minecraft:iron_helmet":1},"minecraft:custom":{"minecraft:interact_with_crafting_table":20,"minecraft:open_barrel":68,"minecraft:leave_game":15,"minecraft:time_since_death":4104,"minecraft:damage_resisted":303,"minecraft:sprint_one_cm":714977,"minecraft:damage_blocked_by_shield":1373,"minecraft:drop":186,"minecraft:talked_to_villager":2,"minecraft:play_time":539832,"minecraft:deaths":62,"minecraft:jump":5344,"minecraft:walk_on_water_one_cm":56233,"minecraft:interact_with_furnace":21,"minecraft:sleep_in_bed":8,"minecraft:damage_dealt":27686,"minecraft:player_kills":1,"minecraft:crouch_one_cm":40057,"minecraft:horse_one_cm":10717,"minecraft:mob_kills":120,"minecraft:interact_with_anvil":1,"minecraft:damage_dealt_resisted":2705,"minecraft:climb_one_cm":24166,"minecraft:walk_one_cm":960927,"minecraft:sneak_time":17525,"minecraft:walk_under_water_one_cm":98102,"minecraft:boat_one_cm":116209,"minecraft:interact_with_lectern":2,"minecraft:total_world_time":539832,"spartanshields:shield_bash_hits":9,"minecraft:pot_flower":1,"minecraft:time_since_rest":4149,"minecraft:damage_taken":20123857,"minecraft:trigger_trapped_chest":9,"minecraft:swim_one_cm":123195,"minecraft:fly_one_cm":1063543,"minecraft:open_chest":63,"minecraft:fall_one_cm":138443},"minecraft:dropped":{"minecraft:iron_sword":1,"minecraft:birch_planks":4,"dungeons_plus:warped_axe":1,"minecraft:glass_bottle":1,"mowziesmobs:umvuthana_mask_faith":1,"minecraft:lantern":1,"minecraft:saddle":1,"minecraft:dirt":1,"gravestone:obituary":49,"minecraft:bone_block":2,"minecraft:sugar":1,"undead_revamp2:blacpetalblock":1,"minecraft:mangrove_slab":1,"minecraft:bone":12,"mowziesmobs:umvuthana_mask_rage":3,"minecraft:black_carpet":1,"minecraft:wheat":1,"undead_revamp2:arapholia":1,"minecraft:deepslate_brick_slab":5,"minecraft:rotten_flesh":37,"minecraft:oak_planks":36,"minecraft:light_gray_carpet":1,"supplementaries:enderman_head":1,"dixtas_armory:stone_greatsword":1,"supplementaries:ash":2,"create:gearbox":3,"minecraft:melon_seeds":1,"minecraft:spruce_pressure_plate":2,"minecraft:ladder":5,"minecraft:arrow":6,"minecraft:egg":4,"minecraft:bread":213,"minecraft:wheat_seeds":25,"supplementaries:bamboo_spikes":1,"minecraft:mangrove_trapdoor":1,"quark:hollow_birch_log":1,"minecraft:deepslate_brick_wall":3,"minecraft:lead":2,"mowziesmobs:umvuthana_mask_fear":1,"minecraft:apple":4,"minecraft:copper_ingot":3,"minecraft:coal":2,"minecraft:stick":8,"minecraft:diamond_horse_armor":1,"minecraft:iron_block":1,"cctvcraft:aluminum_ingot":16,"minecraft:torch":8,"minecraft:zombie_head":2,"minecraft:potion":5,"minecraft:iron_leggings":1,"minecraft:iron_axe":1,"minecraft:polished_basalt":2,"born_in_chaos_v1:staffof_magic_arrows":2,"minecraft:string":8,"create:mechanical_drill":1,"minecraft:gray_carpet":1,"minecraft:acacia_planks":5,"minecraft:dandelion":1,"minecraft:moss_carpet":2,"minecraft:creeper_head":2,"born_in_chaos_v1:black_argillite_brick_stairs":1,"minecraft:smooth_stone_slab":1,"born_in_chaos_v1:rotten_fish":1,"minecraft:polished_deepslate_slab":1,"sophisticatedbackpacks:backpack":4,"minecraft:spruce_fence":1,"minecraft:pumpkin_seeds":6,"minecraft:filled_map":3,"minecraft:diamond_sword":3,"minecraft:iron_chestplate":1,"minecraft:andesite":3,"minecraft:andesite_stairs":2,"minecraft:spider_eye":2,"minecraft:stone_pickaxe":2,"minecraft:light_blue_terracotta":2,"minecraft:calcite":1},"minecraft:killed":{"minecraft:cave_spider":4,"born_in_chaos_v1:mr_pumpkin":5,"born_in_chaos_v1:door_knight_not_despawn":1,"minecraft:spider":14,"minecraft:shulker":1,"born_in_chaos_v1:baby_skeleton_minion":2,"quark:forgotten":4,"minecraft:skeleton":2,"minecraft:chicken":2,"mowziesmobs:umvuthana_crane":5,"antlers:wendigo":1,"born_in_chaos_v1:firelight_not_despawn":1,"minecraft:piglin":2,"minecraft:pig":3,"minecraft:salmon":11,"minecraft:pillager":7,"antlers:wendigomad":2,"minecraft:zombie":7,"minecraft:stray":4,"born_in_chaos_v1:door_knight":1,"minecraft:cow":2,"born_in_chaos_v1:skeleton_thrasher_not_despawn":1,"born_in_chaos_v1:maggot":2,"minecraft:drowned":10,"mowziesmobs:umvuthana":8,"born_in_chaos_v1:bone_imp_minion":4,"undead_revamp2:the_moonflower":1,"born_in_chaos_v1:decrepit_skeleton":1,"born_in_chaos_v1:controlled_baby_skeleton":2},"minecraft:used":{"minecraft:oak_sign":1,"minecraft:iron_sword":273,"minecraft:carrot":10,"minecraft:lantern":1,"born_in_chaos_v1:mint_candy":1,"spartanshields:iron_basic_shield":167,"minecraft:written_book":1,"minecraft:sweet_berries":2,"minecraft:furnace":4,"minecraft:egg":1,"minecraft:stone_pickaxe":62,"minecraft:oak_planks":123,"minecraft:blackstone":4,"minecraft:wooden_pickaxe":57,"minecraft:blue_bed":3,"dungeons_plus:warped_axe":128,"spartanshields:diamond_basic_shield":33,"born_in_chaos_v1:infernal_evil_pumpkin":1,"minecraft:bread":150,"deeperdarker:warden_sword":28,"born_in_chaos_v1:staffof_magic_arrows":127,"dixtas_armory:wooden_greatsword":35,"minecraft:birch_log":5,"minecraft:cobweb":12,"minecraft:oak_fence":2,"mowziesmobs:blowgun":49,"minecraft:cooked_salmon":7,"minecraft:torch":11,"minecraft:dirt":25,"dixtas_armory:stone_greatsword":103,"minecraft:iron_axe":89,"minecraft:acacia_planks":3,"minecraft:iron_leggings":1,"minecraft:birch_planks":17,"minecraft:glass_bottle":1,"quark:hollow_birch_log":1,"supplementaries:slingshot":4,"minecraft:crafting_table":8,"minecraft:chicken":1,"minecraft:iron_pickaxe":5,"minecraft:stone_axe":20,"minecraft:cobblestone":41,"minecraft:potion":2,"minecraft:cooked_porkchop":1,"minecraft:porkchop":5,"minecraft:yellow_bed":1,"minecraft:candle":11},"minecraft:crafted":{"minecraft:oak_planks":136,"minecraft:oak_fence":12,"minecraft:crafting_table":5,"minecraft:wooden_pickaxe":2,"dixtas_armory:stone_greatsword":1,"minecraft:birch_planks":44,"minecraft:stick":64,"minecraft:furnace":3,"cctvcraft:aluminum_ingot":16,"minecraft:stone_pickaxe":2,"minecraft:cooked_salmon":7,"minecraft:air":0,"minecraft:acacia_planks":8,"minecraft:torch":24},"minecraft:killed_by":{"born_in_chaos_v1:mr_pumpkin":2,"born_in_chaos_v1:bone_imp_minion":4,"quark:forgotten":2,"bwrtherain:vapor":2,"mowziesmobs:umvuthi":9,"man:managgresive":1,"minecraft:cave_spider":1,"minecraft:zombie":1,"born_in_chaos_v1:supreme_bonescaller_stage_2":2,"minecraft:player":15,"minecraft:spider":3,"apollyon:the_infector":1,"minecraft:shulker":1,"born_in_chaos_v1:sir_pumpkinhead":1,"minecraft:skeleton":1,"born_in_chaos_v1:skeleton_thrasher_not_despawn":1,"antlers:wendigo":9,"endofherobrine:pigman":1},"minecraft:mined":{"minecraft:white_bed":1,"quark:yellow_blossom_leaves":3,"minecraft:andesite_stairs":2,"minecraft:brewing_stand":1,"cctvcraft:aluminum_ore":13,"minecraft:spruce_trapdoor":1,"minecraft:acacia_log":2,"minecraft:grass_block":22,"minecraft:spawner":7,"minecraft:tall_seagrass":2,"minecraft:fire":2,"born_in_chaos_v1:black_argillite_brick_stairs":1,"minecraft:iron_bars":2,"minecraft:spruce_pressure_plate":2,"minecraft:blackstone":6,"minecraft:torch":1,"minecraft:spruce_wall_sign":1,"minecraft:mushroom_stem":1,"minecraft:cobblestone":2,"minecraft:oak_planks":11,"minecraft:wall_torch":2,"minecraft:seagrass":2,"minecraft:light_blue_terracotta":2,"minecraft:chain":1,"minecraft:birch_log":19,"born_in_chaos_v1:river_mint":1,"minecraft:grass":59,"minecraft:oak_log":35,"minecraft:dirt":16,"structure_gel:dynamic_spawner":1,"quark:dripstone_block_wall":1,"born_in_chaos_v1:infernal_evil_pumpkin_s":1,"minecraft:oak_leaves":35,"supplementaries:clock_block":1,"minecraft:dark_oak_leaves":1,"minecraft:candle":5,"gravestone:gravestone":48,"born_in_chaos_v1:black_argillite_brick_wall":1,"create:large_cogwheel":1,"create:encased_fan":4,"minecraft:mangrove_trapdoor":1,"minecraft:furnace":1,"minecraft:andesite":2,"minecraft:bell":1,"minecraft:lantern":1,"minecraft:stone":69,"minecraft:brain_coral":1,"minecraft:crafting_table":3,"minecraft:tall_grass":7,"endofherobrine:mossy_stone_bricks":2,"minecraft:blue_bed":2,"minecraft:birch_planks":2,"antlers:sheep_corpse":1,"create:gearbox":1,"minecraft:birch_leaves":7,"minecraft:mangrove_slab":1,"minecraft:coal_ore":7,"minecraft:acacia_planks":3}},"DataVersion":3465}