{"stats":{"minecraft:killed_by":{"antlers:wendigo":3},"minecraft:crafted":{"minecraft:oak_planks":32,"minecraft:crafting_table":1,"minecraft:wooden_pickaxe":2,"dixtas_armory:stone_greatsword":1,"minecraft:stick":12,"minecraft:torch":8},"minecraft:dropped":{"minecraft:lead":1,"supplementaries:enderman_head":1},"minecraft:used":{"minecraft:stone_pickaxe":10,"minecraft:oak_sign":1,"minecraft:wooden_pickaxe":48,"minecraft:torch":1,"minecraft:dirt":9,"minecraft:crafting_table":1,"dixtas_armory:stone_greatsword":65,"born_in_chaos_v1:mint_candy":1,"deeperdarker:warden_sword":28,"dixtas_armory:wooden_greatsword":35,"minecraft:stone_axe":2,"minecraft:cobblestone":8,"minecraft:sweet_berries":2},"minecraft:mined":{"gravestone:gravestone":1,"minecraft:grass_block":3,"minecraft:mangrove_trapdoor":1,"minecraft:seagrass":1,"minecraft:light_blue_terracotta":2,"minecraft:tall_seagrass":1,"minecraft:andesite":2,"minecraft:grass":11,"minecraft:mangrove_slab":1,"minecraft:oak_log":9,"minecraft:coal_ore":7,"minecraft:iron_bars":1,"minecraft:dirt":2,"minecraft:stone":46,"minecraft:oak_leaves":2},"minecraft:picked_up":{"minecraft:coarse_dirt":1,"minecraft:creeper_head":1,"minecraft:andesite":3,"minecraft:salmon":9,"minecraft:oak_log":8,"minecraft:mangrove_slab":1,"minecraft:dirt":12,"minecraft:moss_carpet":2,"minecraft:zombie_head":1,"minecraft:bone":1,"undead_revamp2:blacpetalblock":1,"minecraft:wheat_seeds":3,"minecraft:stone_pickaxe":1,"dixtas_armory:wooden_greatsword":1,"minecraft:oak_planks":1,"born_in_chaos_v1:mint_candy":1,"supplementaries:enderman_head":1,"born_in_chaos_v1:pieceofdarkmetal":1,"minecraft:mangrove_trapdoor":1,"minecraft:arrow":2,"minecraft:rotten_flesh":7,"minecraft:light_blue_terracotta":2,"minecraft:stone_axe":1,"quark:hollow_birch_log":2,"supplementaries:ash":1,"minecraft:light_gray_carpet":1,"minecraft:coal":7,"minecraft:iron_bars":5,"minecraft:cobblestone":47},"minecraft:killed":{"minecraft:salmon":11,"antlers:wendigomad":1,"minecraft:zombie":1,"antlers:wendigo":1,"born_in_chaos_v1:door_knight":1},"minecraft:custom":{"minecraft:mob_kills":15,"minecraft:interact_with_crafting_table":4,"minecraft:open_barrel":14,"minecraft:damage_dealt_resisted":757,"minecraft:leave_game":6,"minecraft:time_since_death":10497,"minecraft:climb_one_cm":352,"minecraft:time_since_rest":10576,"minecraft:sprint_one_cm":48290,"minecraft:damage_taken":918,"minecraft:walk_one_cm":94130,"minecraft:drop":2,"minecraft:damage_dealt":6027,"minecraft:swim_one_cm":18393,"minecraft:fly_one_cm":60297,"minecraft:open_chest":2,"minecraft:crouch_one_cm":7183,"minecraft:play_time":65762,"minecraft:deaths":3,"minecraft:sneak_time":4773,"minecraft:walk_under_water_one_cm":10240,"minecraft:boat_one_cm":14736,"minecraft:jump":483,"minecraft:walk_on_water_one_cm":11169,"minecraft:total_world_time":65762,"minecraft:fall_one_cm":3911}},"DataVersion":3465}