{"stats":{"minecraft:killed_by":{"antlers:wendigo":3,"mowziesmobs:umvuthi":1},"minecraft:crafted":{"minecraft:oak_planks":32,"minecraft:crafting_table":2,"minecraft:wooden_pickaxe":2,"minecraft:furnace":1,"minecraft:cooked_salmon":7,"dixtas_armory:stone_greatsword":1,"minecraft:air":0,"minecraft:stick":12,"minecraft:torch":8},"minecraft:dropped":{"minecraft:lead":1,"supplementaries:enderman_head":1},"minecraft:used":{"minecraft:stone_pickaxe":10,"minecraft:oak_sign":1,"minecraft:wooden_pickaxe":48,"minecraft:cooked_salmon":7,"minecraft:torch":1,"minecraft:dirt":13,"minecraft:crafting_table":3,"dixtas_armory:stone_greatsword":69,"born_in_chaos_v1:mint_candy":1,"deeperdarker:warden_sword":28,"dixtas_armory:wooden_greatsword":35,"minecraft:stone_axe":2,"minecraft:cobblestone":8,"minecraft:sweet_berries":2,"minecraft:furnace":1},"minecraft:mined":{"minecraft:crafting_table":1,"gravestone:gravestone":2,"minecraft:grass_block":3,"minecraft:tall_grass":1,"minecraft:mangrove_trapdoor":1,"minecraft:seagrass":1,"minecraft:light_blue_terracotta":2,"minecraft:tall_seagrass":1,"antlers:sheep_corpse":1,"minecraft:andesite":2,"born_in_chaos_v1:river_mint":1,"minecraft:grass":12,"minecraft:mangrove_slab":1,"minecraft:oak_log":9,"minecraft:coal_ore":7,"minecraft:iron_bars":1,"minecraft:dirt":2,"minecraft:stone":46,"minecraft:oak_leaves":2},"minecraft:picked_up":{"minecraft:crafting_table":1,"minecraft:coarse_dirt":1,"minecraft:creeper_head":1,"minecraft:andesite":3,"minecraft:salmon":9,"minecraft:oak_log":8,"minecraft:mangrove_slab":1,"minecraft:dirt":12,"minecraft:moss_carpet":2,"minecraft:zombie_head":1,"minecraft:bone":1,"undead_revamp2:blacpetalblock":1,"mowziesmobs:umvuthana_mask_rage":1,"minecraft:wheat_seeds":5,"minecraft:stone_pickaxe":1,"dixtas_armory:wooden_greatsword":1,"minecraft:oak_planks":1,"born_in_chaos_v1:mint_candy":1,"supplementaries:enderman_head":1,"born_in_chaos_v1:pieceofdarkmetal":1,"minecraft:mangrove_trapdoor":1,"minecraft:arrow":2,"minecraft:rotten_flesh":10,"minecraft:light_blue_terracotta":2,"minecraft:stone_axe":1,"quark:hollow_birch_log":2,"supplementaries:ash":1,"minecraft:light_gray_carpet":1,"minecraft:coal":7,"minecraft:iron_bars":5,"minecraft:cobblestone":47},"minecraft:killed":{"minecraft:salmon":11,"antlers:wendigomad":1,"minecraft:zombie":1,"antlers:wendigo":1,"born_in_chaos_v1:door_knight":1},"minecraft:custom":{"minecraft:interact_with_furnace":4,"minecraft:mob_kills":15,"minecraft:interact_with_crafting_table":5,"minecraft:open_barrel":14,"minecraft:damage_dealt_resisted":757,"minecraft:leave_game":6,"minecraft:time_since_death":4587,"minecraft:climb_one_cm":352,"minecraft:time_since_rest":4625,"minecraft:sprint_one_cm":72030,"minecraft:damage_taken":1988,"minecraft:walk_one_cm":123832,"minecraft:drop":2,"minecraft:damage_dealt":6104,"minecraft:swim_one_cm":18393,"minecraft:fly_one_cm":113468,"minecraft:open_chest":2,"minecraft:crouch_one_cm":7997,"minecraft:play_time":77762,"minecraft:deaths":4,"minecraft:sneak_time":4951,"minecraft:walk_under_water_one_cm":10240,"minecraft:boat_one_cm":14736,"minecraft:jump":750,"minecraft:walk_on_water_one_cm":11227,"minecraft:total_world_time":77762,"minecraft:fall_one_cm":11876}},"DataVersion":3465}