{"stats":{"minecraft:broken":{"minecraft:iron_helmet":1},"minecraft:mined":{"minecraft:white_bed":1,"minecraft:dark_oak_leaves":1,"minecraft:brewing_stand":1,"gravestone:gravestone":14,"minecraft:grass_block":11,"minecraft:mangrove_trapdoor":1,"minecraft:spawner":2,"minecraft:tall_seagrass":1,"minecraft:andesite":2,"minecraft:iron_bars":1,"minecraft:stone":55,"minecraft:crafting_table":2,"minecraft:tall_grass":1,"endofherobrine:mossy_stone_bricks":2,"minecraft:wall_torch":1,"minecraft:seagrass":1,"minecraft:light_blue_terracotta":2,"minecraft:chain":1,"antlers:sheep_corpse":1,"minecraft:birch_log":6,"born_in_chaos_v1:river_mint":1,"minecraft:grass":21,"minecraft:mangrove_slab":1,"minecraft:oak_log":18,"minecraft:coal_ore":7,"minecraft:dirt":6,"minecraft:oak_leaves":4},"minecraft:dropped":{"minecraft:birch_planks":4,"minecraft:mangrove_trapdoor":1,"quark:hollow_birch_log":1,"minecraft:lead":2,"minecraft:stick":5,"minecraft:iron_block":1,"minecraft:torch":8,"minecraft:potion":1,"minecraft:iron_leggings":1,"gravestone:obituary":14,"undead_revamp2:blacpetalblock":1,"minecraft:mangrove_slab":1,"minecraft:moss_carpet":2,"minecraft:rotten_flesh":10,"minecraft:oak_planks":14,"minecraft:light_gray_carpet":1,"sophisticatedbackpacks:backpack":1,"supplementaries:enderman_head":1,"dixtas_armory:stone_greatsword":1,"supplementaries:ash":1,"minecraft:andesite":3,"minecraft:arrow":2,"minecraft:stone_pickaxe":1,"minecraft:light_blue_terracotta":2},"minecraft:crafted":{"minecraft:oak_planks":68,"minecraft:furnace":1,"minecraft:stone_pickaxe":2,"minecraft:crafting_table":4,"minecraft:wooden_pickaxe":2,"minecraft:cooked_salmon":7,"dixtas_armory:stone_greatsword":1,"minecraft:birch_planks":4,"minecraft:air":0,"minecraft:stick":40,"minecraft:torch":24},"minecraft:custom":{"minecraft:mob_kills":40,"minecraft:interact_with_crafting_table":9,"minecraft:open_barrel":33,"minecraft:damage_dealt_resisted":1304,"minecraft:leave_game":8,"minecraft:time_since_death":457,"minecraft:climb_one_cm":412,"minecraft:sprint_one_cm":279490,"minecraft:walk_one_cm":379984,"minecraft:damage_blocked_by_shield":475,"minecraft:drop":50,"minecraft:play_time":176864,"minecraft:deaths":18,"minecraft:sneak_time":8859,"minecraft:walk_under_water_one_cm":15138,"minecraft:boat_one_cm":14736,"minecraft:jump":1893,"minecraft:walk_on_water_one_cm":20550,"minecraft:total_world_time":176864,"minecraft:interact_with_furnace":4,"spartanshields:shield_bash_hits":6,"minecraft:pot_flower":1,"minecraft:sleep_in_bed":3,"minecraft:time_since_rest":490,"minecraft:damage_taken":10106207,"minecraft:trigger_trapped_chest":2,"minecraft:damage_dealt":10466,"minecraft:swim_one_cm":24474,"minecraft:fly_one_cm":306606,"minecraft:player_kills":1,"minecraft:open_chest":23,"minecraft:crouch_one_cm":17196,"minecraft:fall_one_cm":32783},"minecraft:killed_by":{"minecraft:player":1,"minecraft:spider":1,"born_in_chaos_v1:bone_imp_minion":2,"bwrtherain:vapor":1,"mowziesmobs:umvuthi":3,"minecraft:zombie":1,"born_in_chaos_v1:skeleton_thrasher_not_despawn":1,"born_in_chaos_v1:supreme_bonescaller_stage_2":1,"antlers:wendigo":6},"minecraft:picked_up":{"minecraft:coarse_dirt":1,"minecraft:crafting_table":2,"minecraft:chicken":1,"minecraft:creeper_head":1,"minecraft:lead":1,"minecraft:potion":2,"minecraft:chain":1,"gravestone:obituary":2,"minecraft:brewing_stand":1,"minecraft:string":3,"minecraft:moss_carpet":2,"minecraft:iron_axe":1,"minecraft:zombie_head":1,"dixtas_armory:wooden_greatsword":1,"minecraft:egg":1,"minecraft:tipped_arrow":3,"supplementaries:enderman_head":1,"minecraft:torch":1,"sophisticatedbackpacks:backpack":3,"minecraft:porkchop":5,"born_in_chaos_v1:pieceofdarkmetal":1,"minecraft:mangrove_trapdoor":1,"minecraft:arrow":8,"minecraft:rotten_flesh":17,"minecraft:hay_block":1,"minecraft:iron_block":1,"supplementaries:ash":1,"minecraft:iron_bars":5,"minecraft:cobblestone":57,"minecraft:birch_log":7,"born_in_chaos_v1:corpse_maggot":1,"minecraft:feather":4,"minecraft:salmon":9,"minecraft:andesite":3,"spartanshields:iron_basic_shield":1,"minecraft:oak_log":17,"minecraft:yellow_bed":1,"dixtas_armory:stone_twinblade":1,"minecraft:mangrove_slab":1,"minecraft:dirt":37,"minecraft:name_tag":1,"minecraft:bone":5,"mowziesmobs:umvuthana_mask_rage":2,"undead_revamp2:blacpetalblock":1,"minecraft:wheat_seeds":7,"minecraft:stone_pickaxe":1,"cctvcraft:raw_aluminum":2,"born_in_chaos_v1:mint_candy":1,"minecraft:oak_planks":1,"minecraft:iron_sword":1,"minecraft:white_bed":1,"minecraft:spider_eye":2,"minecraft:light_blue_terracotta":2,"minecraft:stone_axe":1,"minecraft:iron_helmet":1,"quark:hollow_birch_log":2,"minecraft:bread":63,"mowziesmobs:umvuthana_mask_fear":1,"minecraft:light_gray_carpet":1,"minecraft:coal":7},"minecraft:killed":{"minecraft:cave_spider":3,"minecraft:spider":3,"born_in_chaos_v1:baby_skeleton_minion":2,"mowziesmobs:umvuthana_crane":3,"antlers:wendigo":1,"mowziesmobs:umvuthana":4,"minecraft:pig":2,"born_in_chaos_v1:bone_imp_minion":1,"minecraft:salmon":11,"antlers:wendigomad":1,"minecraft:zombie":3,"minecraft:stray":4,"born_in_chaos_v1:door_knight":1},"minecraft:used":{"minecraft:oak_sign":1,"minecraft:iron_sword":87,"minecraft:cooked_salmon":7,"minecraft:torch":7,"minecraft:dirt":19,"minecraft:carrot":10,"dixtas_armory:stone_greatsword":103,"minecraft:iron_axe":26,"born_in_chaos_v1:mint_candy":1,"spartanshields:iron_basic_shield":32,"minecraft:sweet_berries":2,"minecraft:furnace":1,"minecraft:egg":1,"minecraft:iron_leggings":1,"minecraft:stone_pickaxe":17,"quark:hollow_birch_log":1,"minecraft:wooden_pickaxe":57,"minecraft:crafting_table":6,"minecraft:chicken":1,"minecraft:bread":19,"deeperdarker:warden_sword":28,"dixtas_armory:wooden_greatsword":35,"minecraft:stone_axe":2,"minecraft:cobblestone":8,"minecraft:porkchop":5,"minecraft:birch_log":5,"minecraft:yellow_bed":1}},"DataVersion":3465}