{"stats":{"minecraft:killed_by":{"antlers:wendigo":2},"minecraft:crafted":{"minecraft:oak_planks":32,"minecraft:crafting_table":1,"minecraft:stick":12,"minecraft:wooden_pickaxe":2,"dixtas_armory:stone_greatsword":1,"minecraft:torch":8},"minecraft:dropped":{"minecraft:lead":1,"supplementaries:enderman_head":1},"minecraft:used":{"minecraft:stone_pickaxe":10,"born_in_chaos_v1:mint_candy":1,"minecraft:wooden_pickaxe":38,"dixtas_armory:wooden_greatsword":35,"minecraft:stone_axe":2,"minecraft:torch":1,"minecraft:dirt":9,"minecraft:cobblestone":8,"minecraft:sweet_berries":2,"minecraft:crafting_table":1,"dixtas_armory:stone_greatsword":44},"minecraft:mined":{"minecraft:seagrass":1,"minecraft:light_blue_terracotta":2,"minecraft:tall_seagrass":1,"minecraft:andesite":2,"gravestone:gravestone":1,"minecraft:mangrove_slab":1,"minecraft:grass":11,"minecraft:grass_block":3,"minecraft:coal_ore":7,"minecraft:oak_log":9,"minecraft:iron_bars":1,"minecraft:dirt":2,"minecraft:mangrove_trapdoor":1,"minecraft:stone":36,"minecraft:oak_leaves":2},"minecraft:picked_up":{"supplementaries:enderman_head":1,"minecraft:coarse_dirt":1,"minecraft:creeper_head":1,"minecraft:salmon":9,"minecraft:andesite":3,"minecraft:oak_log":8,"born_in_chaos_v1:pieceofdarkmetal":1,"minecraft:bone":1,"minecraft:mangrove_trapdoor":1,"minecraft:mangrove_slab":1,"minecraft:dirt":12,"minecraft:arrow":2,"minecraft:moss_carpet":2,"undead_revamp2:blacpetalblock":1,"minecraft:rotten_flesh":5,"minecraft:zombie_head":1,"minecraft:light_blue_terracotta":2,"minecraft:stone_axe":1,"minecraft:wheat_seeds":3,"minecraft:stone_pickaxe":1,"quark:hollow_birch_log":2,"supplementaries:ash":1,"dixtas_armory:wooden_greatsword":1,"minecraft:iron_bars":5,"minecraft:light_gray_carpet":1,"born_in_chaos_v1:mint_candy":1,"minecraft:oak_planks":1,"minecraft:coal":7,"minecraft:cobblestone":37},"minecraft:killed":{"antlers:wendigomad":1,"minecraft:salmon":11,"born_in_chaos_v1:door_knight":1},"minecraft:custom":{"minecraft:time_since_rest":12601,"minecraft:sprint_one_cm":41164,"minecraft:damage_taken":828,"minecraft:walk_one_cm":80800,"minecraft:mob_kills":13,"minecraft:drop":2,"minecraft:damage_dealt":1639,"minecraft:open_barrel":14,"minecraft:swim_one_cm":16587,"minecraft:interact_with_crafting_table":4,"minecraft:fly_one_cm":46637,"minecraft:open_chest":2,"minecraft:crouch_one_cm":6942,"minecraft:play_time":53762,"minecraft:deaths":2,"minecraft:sneak_time":4667,"minecraft:walk_under_water_one_cm":8880,"minecraft:boat_one_cm":14736,"minecraft:damage_dealt_resisted":757,"minecraft:jump":337,"minecraft:leave_game":6,"minecraft:time_since_death":12566,"minecraft:walk_on_water_one_cm":4951,"minecraft:total_world_time":53762,"minecraft:fall_one_cm":3700}},"DataVersion":3465}