{"stats":{"minecraft:crafted":{"minecraft:oak_planks":12,"minecraft:torch":8,"minecraft:stick":4,"minecraft:wooden_pickaxe":1},"minecraft:mined":{"minecraft:oak_log":4,"minecraft:coal_ore":7,"minecraft:stone":18},"minecraft:picked_up":{"minecraft:wheat_seeds":1,"minecraft:stone_pickaxe":1,"minecraft:oak_log":3,"dixtas_armory:wooden_greatsword":1,"minecraft:coal":7,"minecraft:cobblestone":18},"minecraft:used":{"minecraft:stone_pickaxe":10,"minecraft:wooden_pickaxe":15},"minecraft:custom":{"minecraft:time_since_rest":14366,"minecraft:crouch_one_cm":2274,"minecraft:sprint_one_cm":1636,"minecraft:play_time":14366,"minecraft:damage_taken":60,"minecraft:walk_one_cm":15205,"minecraft:sneak_time":1329,"minecraft:jump":27,"minecraft:leave_game":5,"minecraft:time_since_death":14366,"minecraft:total_world_time":14366,"minecraft:interact_with_crafting_table":1,"minecraft:fly_one_cm":1330}},"DataVersion":3465}