{"stats":{"minecraft:mined":{"minecraft:white_bed":1,"minecraft:crafting_table":2,"gravestone:gravestone":8,"minecraft:grass_block":9,"minecraft:mangrove_trapdoor":1,"minecraft:tall_grass":1,"minecraft:seagrass":1,"minecraft:light_blue_terracotta":2,"minecraft:tall_seagrass":1,"antlers:sheep_corpse":1,"minecraft:andesite":2,"born_in_chaos_v1:river_mint":1,"minecraft:grass":15,"minecraft:mangrove_slab":1,"minecraft:coal_ore":7,"minecraft:oak_log":14,"minecraft:iron_bars":1,"minecraft:dirt":6,"minecraft:stone":55,"minecraft:oak_leaves":2},"minecraft:crafted":{"minecraft:oak_planks":52,"minecraft:crafting_table":3,"minecraft:wooden_pickaxe":2,"minecraft:furnace":1,"minecraft:cooked_salmon":7,"dixtas_armory:stone_greatsword":1,"minecraft:birch_planks":4,"minecraft:air":0,"minecraft:stick":16,"minecraft:stone_pickaxe":2,"minecraft:torch":8},"minecraft:dropped":{"minecraft:moss_carpet":2,"minecraft:birch_planks":4,"minecraft:mangrove_trapdoor":1,"quark:hollow_birch_log":1,"minecraft:rotten_flesh":10,"minecraft:lead":2,"minecraft:oak_planks":14,"sophisticatedbackpacks:backpack":1,"minecraft:light_gray_carpet":1,"supplementaries:enderman_head":1,"minecraft:stick":5,"supplementaries:ash":1,"minecraft:andesite":3,"minecraft:iron_leggings":1,"gravestone:obituary":8,"minecraft:arrow":2,"minecraft:stone_pickaxe":1,"minecraft:light_blue_terracotta":2,"undead_revamp2:blacpetalblock":1,"minecraft:mangrove_slab":1},"minecraft:custom":{"minecraft:interact_with_furnace":4,"minecraft:mob_kills":24,"minecraft:interact_with_crafting_table":7,"minecraft:open_barrel":31,"minecraft:pot_flower":1,"minecraft:damage_dealt_resisted":768,"minecraft:leave_game":8,"minecraft:time_since_death":8495,"minecraft:climb_one_cm":376,"minecraft:time_since_rest":8530,"minecraft:sprint_one_cm":201741,"minecraft:damage_taken":10003744,"minecraft:walk_one_cm":252874,"minecraft:drop":33,"minecraft:damage_dealt":7237,"minecraft:swim_one_cm":23283,"minecraft:fly_one_cm":245601,"minecraft:player_kills":1,"minecraft:open_chest":15,"minecraft:crouch_one_cm":15943,"minecraft:play_time":140864,"minecraft:deaths":11,"minecraft:sneak_time":8288,"minecraft:walk_under_water_one_cm":13489,"minecraft:boat_one_cm":14736,"minecraft:jump":1439,"minecraft:walk_on_water_one_cm":18535,"minecraft:total_world_time":140864,"minecraft:fall_one_cm":28287},"minecraft:killed_by":{"minecraft:player":1,"antlers:wendigo":6,"bwrtherain:vapor":1,"mowziesmobs:umvuthi":3},"minecraft:picked_up":{"minecraft:birch_log":1,"minecraft:crafting_table":2,"minecraft:coarse_dirt":1,"minecraft:feather":4,"minecraft:chicken":1,"minecraft:creeper_head":1,"minecraft:andesite":3,"minecraft:salmon":9,"minecraft:lead":1,"minecraft:oak_log":13,"gravestone:obituary":1,"dixtas_armory:stone_twinblade":1,"minecraft:mangrove_slab":1,"minecraft:dirt":35,"minecraft:moss_carpet":2,"minecraft:iron_axe":1,"minecraft:name_tag":1,"minecraft:bone":1,"minecraft:zombie_head":1,"undead_revamp2:blacpetalblock":1,"mowziesmobs:umvuthana_mask_rage":2,"minecraft:wheat_seeds":6,"minecraft:stone_pickaxe":1,"dixtas_armory:wooden_greatsword":1,"minecraft:oak_planks":1,"born_in_chaos_v1:mint_candy":1,"cctvcraft:raw_aluminum":2,"minecraft:egg":1,"supplementaries:enderman_head":1,"sophisticatedbackpacks:backpack":3,"minecraft:porkchop":5,"minecraft:white_bed":1,"born_in_chaos_v1:pieceofdarkmetal":1,"minecraft:mangrove_trapdoor":1,"minecraft:arrow":2,"minecraft:rotten_flesh":12,"minecraft:light_blue_terracotta":2,"minecraft:stone_axe":1,"minecraft:iron_helmet":1,"quark:hollow_birch_log":2,"mowziesmobs:umvuthana_mask_fear":1,"supplementaries:ash":1,"minecraft:light_gray_carpet":1,"minecraft:iron_bars":5,"minecraft:coal":7,"minecraft:cobblestone":57},"minecraft:killed":{"minecraft:pig":2,"minecraft:salmon":11,"antlers:wendigomad":1,"minecraft:zombie":1,"mowziesmobs:umvuthana_crane":3,"antlers:wendigo":1,"born_in_chaos_v1:door_knight":1,"mowziesmobs:umvuthana":4},"minecraft:used":{"minecraft:stone_pickaxe":10,"minecraft:oak_sign":1,"quark:hollow_birch_log":1,"minecraft:wooden_pickaxe":57,"minecraft:cooked_salmon":7,"minecraft:torch":1,"minecraft:dirt":19,"minecraft:crafting_table":4,"minecraft:carrot":10,"dixtas_armory:stone_greatsword":99,"minecraft:chicken":1,"minecraft:iron_axe":6,"born_in_chaos_v1:mint_candy":1,"deeperdarker:warden_sword":28,"dixtas_armory:wooden_greatsword":35,"minecraft:stone_axe":2,"minecraft:cobblestone":8,"minecraft:sweet_berries":2,"minecraft:furnace":1,"minecraft:porkchop":5,"minecraft:egg":1,"minecraft:iron_leggings":1}},"DataVersion":3465}