{"stats":{"minecraft:killed_by":{"antlers:wendigo":1},"minecraft:crafted":{"minecraft:oak_planks":12,"minecraft:torch":8,"minecraft:stick":4,"minecraft:wooden_pickaxe":1},"minecraft:mined":{"minecraft:grass":8,"minecraft:oak_log":4,"minecraft:coal_ore":7,"minecraft:stone":18},"minecraft:picked_up":{"minecraft:wheat_seeds":3,"minecraft:stone_pickaxe":1,"minecraft:oak_log":3,"dixtas_armory:wooden_greatsword":1,"minecraft:oak_planks":1,"minecraft:coal":7,"minecraft:dirt":1,"minecraft:cobblestone":19},"minecraft:used":{"minecraft:torch":1,"minecraft:cobblestone":8,"minecraft:stone_pickaxe":10,"minecraft:wooden_pickaxe":15,"dixtas_armory:wooden_greatsword":35},"minecraft:killed":{"antlers:wendigomad":1},"minecraft:custom":{"minecraft:time_since_rest":279,"minecraft:deaths":1,"minecraft:crouch_one_cm":3118,"minecraft:sprint_one_cm":7432,"minecraft:play_time":27400,"minecraft:damage_taken":333,"minecraft:walk_one_cm":27876,"minecraft:sneak_time":2672,"minecraft:mob_kills":1,"minecraft:jump":134,"minecraft:damage_dealt":1057,"minecraft:leave_game":6,"minecraft:time_since_death":0,"minecraft:total_world_time":27400,"minecraft:fall_one_cm":861,"minecraft:interact_with_crafting_table":1,"minecraft:fly_one_cm":13112}},"DataVersion":3465}