{"stats":{"minecraft:killed_by":{"antlers:wendigo":2},"minecraft:crafted":{"minecraft:oak_planks":32,"minecraft:crafting_table":1,"minecraft:stick":12,"minecraft:wooden_pickaxe":2,"dixtas_armory:stone_greatsword":1,"minecraft:torch":8},"minecraft:dropped":{"supplementaries:enderman_head":1},"minecraft:used":{"minecraft:stone_pickaxe":10,"minecraft:wooden_pickaxe":30,"dixtas_armory:wooden_greatsword":35,"minecraft:torch":1,"minecraft:dirt":2,"minecraft:cobblestone":8,"minecraft:crafting_table":1},"minecraft:mined":{"minecraft:grass":8,"minecraft:grass_block":3,"minecraft:coal_ore":7,"minecraft:oak_log":9,"minecraft:dirt":2,"minecraft:stone":33,"minecraft:oak_leaves":2},"minecraft:picked_up":{"supplementaries:enderman_head":1,"minecraft:coarse_dirt":1,"minecraft:creeper_head":1,"minecraft:andesite":1,"minecraft:oak_log":8,"minecraft:dirt":11,"minecraft:moss_carpet":2,"minecraft:zombie_head":1,"minecraft:wheat_seeds":3,"minecraft:stone_pickaxe":1,"quark:hollow_birch_log":2,"dixtas_armory:wooden_greatsword":1,"minecraft:oak_planks":1,"minecraft:coal":7,"minecraft:cobblestone":34},"minecraft:killed":{"antlers:wendigomad":1},"minecraft:custom":{"minecraft:time_since_rest":601,"minecraft:sprint_one_cm":25879,"minecraft:damage_taken":613,"minecraft:walk_one_cm":54442,"minecraft:mob_kills":1,"minecraft:drop":1,"minecraft:damage_dealt":1057,"minecraft:interact_with_crafting_table":4,"minecraft:fly_one_cm":28149,"minecraft:crouch_one_cm":5621,"minecraft:play_time":41762,"minecraft:deaths":2,"minecraft:sneak_time":4423,"minecraft:boat_one_cm":14736,"minecraft:jump":215,"minecraft:leave_game":6,"minecraft:time_since_death":566,"minecraft:walk_on_water_one_cm":293,"minecraft:total_world_time":41762,"minecraft:fall_one_cm":1490}},"DataVersion":3465}