{"stats":{"minecraft:killed_by":{"minecraft:player":1,"antlers:wendigo":3,"bwrtherain:vapor":1,"mowziesmobs:umvuthi":3},"minecraft:crafted":{"minecraft:oak_planks":32,"minecraft:crafting_table":2,"minecraft:wooden_pickaxe":2,"minecraft:furnace":1,"minecraft:cooked_salmon":7,"dixtas_armory:stone_greatsword":1,"minecraft:air":0,"minecraft:stick":12,"minecraft:torch":8},"minecraft:dropped":{"minecraft:lead":2,"sophisticatedbackpacks:backpack":1,"supplementaries:enderman_head":1,"minecraft:iron_leggings":1,"gravestone:obituary":6},"minecraft:used":{"minecraft:stone_pickaxe":10,"minecraft:oak_sign":1,"quark:hollow_birch_log":1,"minecraft:wooden_pickaxe":57,"minecraft:cooked_salmon":7,"minecraft:torch":1,"minecraft:dirt":19,"minecraft:crafting_table":3,"minecraft:carrot":10,"dixtas_armory:stone_greatsword":97,"minecraft:chicken":1,"born_in_chaos_v1:mint_candy":1,"deeperdarker:warden_sword":28,"dixtas_armory:wooden_greatsword":35,"minecraft:stone_axe":2,"minecraft:cobblestone":8,"minecraft:sweet_berries":2,"minecraft:furnace":1,"minecraft:porkchop":5,"minecraft:egg":1,"minecraft:iron_leggings":1},"minecraft:mined":{"minecraft:crafting_table":1,"gravestone:gravestone":6,"minecraft:grass_block":9,"minecraft:tall_grass":1,"minecraft:mangrove_trapdoor":1,"minecraft:seagrass":1,"minecraft:light_blue_terracotta":2,"minecraft:tall_seagrass":1,"antlers:sheep_corpse":1,"minecraft:andesite":2,"born_in_chaos_v1:river_mint":1,"minecraft:grass":15,"minecraft:mangrove_slab":1,"minecraft:oak_log":9,"minecraft:coal_ore":7,"minecraft:iron_bars":1,"minecraft:dirt":6,"minecraft:stone":55,"minecraft:oak_leaves":2},"minecraft:picked_up":{"minecraft:crafting_table":1,"minecraft:coarse_dirt":1,"minecraft:feather":4,"minecraft:chicken":1,"minecraft:creeper_head":1,"minecraft:andesite":3,"minecraft:salmon":9,"minecraft:lead":1,"minecraft:oak_log":8,"minecraft:mangrove_slab":1,"minecraft:dirt":19,"minecraft:moss_carpet":2,"minecraft:name_tag":1,"minecraft:zombie_head":1,"minecraft:bone":1,"undead_revamp2:blacpetalblock":1,"mowziesmobs:umvuthana_mask_rage":2,"minecraft:wheat_seeds":6,"minecraft:stone_pickaxe":1,"dixtas_armory:wooden_greatsword":1,"cctvcraft:raw_aluminum":2,"minecraft:oak_planks":1,"born_in_chaos_v1:mint_candy":1,"minecraft:egg":1,"supplementaries:enderman_head":1,"sophisticatedbackpacks:backpack":2,"minecraft:porkchop":5,"born_in_chaos_v1:pieceofdarkmetal":1,"minecraft:mangrove_trapdoor":1,"minecraft:arrow":2,"minecraft:rotten_flesh":10,"minecraft:light_blue_terracotta":2,"minecraft:stone_axe":1,"minecraft:iron_helmet":1,"quark:hollow_birch_log":2,"mowziesmobs:umvuthana_mask_fear":1,"supplementaries:ash":1,"minecraft:light_gray_carpet":1,"minecraft:coal":7,"minecraft:iron_bars":5,"minecraft:cobblestone":57},"minecraft:killed":{"minecraft:pig":2,"minecraft:salmon":11,"antlers:wendigomad":1,"minecraft:zombie":1,"mowziesmobs:umvuthana_crane":3,"antlers:wendigo":1,"born_in_chaos_v1:door_knight":1,"mowziesmobs:umvuthana":4},"minecraft:custom":{"minecraft:interact_with_furnace":4,"minecraft:mob_kills":24,"minecraft:interact_with_crafting_table":5,"minecraft:open_barrel":15,"minecraft:damage_dealt_resisted":768,"minecraft:leave_game":6,"minecraft:time_since_death":2710,"minecraft:climb_one_cm":352,"minecraft:time_since_rest":2744,"minecraft:sprint_one_cm":168790,"minecraft:damage_taken":10002796,"minecraft:walk_one_cm":208109,"minecraft:drop":11,"minecraft:damage_dealt":7178,"minecraft:swim_one_cm":21604,"minecraft:fly_one_cm":222636,"minecraft:player_kills":1,"minecraft:open_chest":6,"minecraft:crouch_one_cm":15371,"minecraft:play_time":113762,"minecraft:deaths":8,"minecraft:sneak_time":8044,"minecraft:walk_under_water_one_cm":13302,"minecraft:boat_one_cm":14736,"minecraft:jump":1356,"minecraft:walk_on_water_one_cm":16929,"minecraft:total_world_time":113762,"minecraft:fall_one_cm":25932}},"DataVersion":3465}