{"stats":{"minecraft:used":{"minecraft:oak_sign":1,"minecraft:iron_sword":144,"minecraft:cooked_salmon":7,"minecraft:torch":10,"minecraft:dirt":19,"minecraft:carrot":10,"dixtas_armory:stone_greatsword":103,"minecraft:iron_axe":43,"born_in_chaos_v1:mint_candy":1,"spartanshields:iron_basic_shield":121,"minecraft:sweet_berries":2,"minecraft:furnace":1,"minecraft:egg":1,"minecraft:iron_leggings":1,"minecraft:birch_planks":7,"minecraft:stone_pickaxe":32,"quark:hollow_birch_log":1,"minecraft:wooden_pickaxe":57,"minecraft:crafting_table":6,"minecraft:chicken":1,"minecraft:bread":52,"deeperdarker:warden_sword":28,"born_in_chaos_v1:staffof_magic_arrows":41,"dixtas_armory:wooden_greatsword":35,"minecraft:stone_axe":2,"minecraft:cobblestone":9,"minecraft:cooked_porkchop":1,"minecraft:porkchop":5,"minecraft:birch_log":5,"minecraft:yellow_bed":1,"minecraft:cobweb":12},"minecraft:custom":{"minecraft:mob_kills":57,"minecraft:interact_with_crafting_table":9,"minecraft:open_barrel":33,"minecraft:damage_dealt_resisted":2054,"minecraft:leave_game":11,"minecraft:time_since_death":1936,"minecraft:climb_one_cm":816,"minecraft:damage_resisted":303,"minecraft:sprint_one_cm":380790,"minecraft:walk_one_cm":505222,"minecraft:damage_blocked_by_shield":790,"minecraft:drop":69,"minecraft:play_time":237215,"minecraft:deaths":32,"minecraft:sneak_time":9454,"minecraft:walk_under_water_one_cm":16085,"minecraft:boat_one_cm":14736,"minecraft:jump":2867,"minecraft:walk_on_water_one_cm":29617,"minecraft:total_world_time":237215,"minecraft:interact_with_furnace":4,"spartanshields:shield_bash_hits":8,"minecraft:pot_flower":1,"minecraft:sleep_in_bed":4,"minecraft:time_since_rest":1966,"minecraft:damage_taken":10111733,"minecraft:trigger_trapped_chest":2,"minecraft:damage_dealt":13310,"minecraft:swim_one_cm":29528,"minecraft:fly_one_cm":493144,"minecraft:player_kills":1,"minecraft:open_chest":26,"minecraft:crouch_one_cm":20056,"minecraft:fall_one_cm":57702},"minecraft:killed_by":{"minecraft:player":3,"minecraft:spider":3,"born_in_chaos_v1:bone_imp_minion":4,"bwrtherain:vapor":1,"mowziesmobs:umvuthi":9,"minecraft:shulker":1,"minecraft:zombie":1,"born_in_chaos_v1:skeleton_thrasher_not_despawn":1,"born_in_chaos_v1:supreme_bonescaller_stage_2":2,"antlers:wendigo":6},"minecraft:crafted":{"minecraft:oak_planks":88,"minecraft:furnace":1,"minecraft:stone_pickaxe":2,"minecraft:crafting_table":4,"minecraft:wooden_pickaxe":2,"minecraft:cooked_salmon":7,"dixtas_armory:stone_greatsword":1,"minecraft:birch_planks":44,"minecraft:air":0,"minecraft:stick":40,"minecraft:torch":24},"minecraft:killed":{"minecraft:cave_spider":3,"minecraft:spider":6,"minecraft:shulker":1,"born_in_chaos_v1:baby_skeleton_minion":2,"mowziesmobs:umvuthana_crane":5,"antlers:wendigo":1,"mowziesmobs:umvuthana":8,"minecraft:pig":2,"born_in_chaos_v1:bone_imp_minion":4,"minecraft:salmon":11,"antlers:wendigomad":1,"minecraft:zombie":3,"minecraft:stray":4,"born_in_chaos_v1:door_knight":1,"minecraft:cow":1},"minecraft:broken":{"mowziesmobs:umvuthana_mask_misery":1,"minecraft:iron_helmet":1},"minecraft:picked_up":{"minecraft:crafting_table":3,"minecraft:iron_chestplate":1,"minecraft:coarse_dirt":1,"minecraft:wheat":1,"minecraft:chicken":1,"minecraft:creeper_head":1,"minecraft:lead":1,"minecraft:potion":2,"minecraft:chain":1,"gravestone:obituary":9,"minecraft:brewing_stand":1,"minecraft:string":5,"minecraft:moss_carpet":2,"minecraft:iron_axe":2,"minecraft:iron_leggings":1,"minecraft:zombie_head":1,"minecraft:beef":1,"dixtas_armory:wooden_greatsword":1,"minecraft:egg":1,"minecraft:iron_boots":1,"minecraft:tipped_arrow":3,"supplementaries:enderman_head":1,"minecraft:stick":3,"minecraft:torch":6,"sophisticatedbackpacks:backpack":4,"minecraft:porkchop":5,"born_in_chaos_v1:pieceofdarkmetal":1,"minecraft:mangrove_trapdoor":1,"minecraft:arrow":10,"minecraft:rotten_flesh":18,"minecraft:hay_block":1,"minecraft:iron_block":1,"supplementaries:ash":2,"minecraft:iron_bars":5,"minecraft:cobblestone":91,"minecraft:birch_log":17,"born_in_chaos_v1:staffof_magic_arrows":2,"born_in_chaos_v1:corpse_maggot":1,"minecraft:feather":8,"born_in_chaos_v1:spiritual_dust":4,"minecraft:andesite":3,"minecraft:salmon":9,"spartanshields:iron_basic_shield":2,"minecraft:leather":1,"minecraft:potato":1,"minecraft:oak_log":22,"minecraft:yellow_bed":1,"dixtas_armory:stone_twinblade":1,"minecraft:mangrove_slab":1,"minecraft:dirt":54,"minecraft:lantern":2,"minecraft:name_tag":1,"minecraft:bone":13,"undead_revamp2:blacpetalblock":1,"mowziesmobs:umvuthana_mask_rage":2,"minecraft:wheat_seeds":24,"minecraft:stone_pickaxe":2,"mowziesmobs:umvuthana_mask_misery":1,"born_in_chaos_v1:mint_candy":1,"minecraft:iron_sword":2,"minecraft:oak_planks":1,"cctvcraft:raw_aluminum":18,"minecraft:white_bed":1,"minecraft:spider_eye":3,"minecraft:pumpkin_seeds":2,"minecraft:sugar":1,"minecraft:light_blue_terracotta":2,"minecraft:stone_axe":2,"minecraft:iron_helmet":1,"quark:hollow_birch_log":2,"minecraft:bread":93,"mowziesmobs:umvuthana_mask_fear":1,"minecraft:light_gray_carpet":1,"minecraft:melon_seeds":1,"minecraft:coal":9},"minecraft:mined":{"minecraft:white_bed":1,"minecraft:dark_oak_leaves":1,"minecraft:brewing_stand":1,"cctvcraft:aluminum_ore":13,"gravestone:gravestone":28,"minecraft:grass_block":11,"minecraft:mangrove_trapdoor":1,"minecraft:spawner":2,"minecraft:tall_seagrass":1,"minecraft:andesite":2,"minecraft:iron_bars":2,"minecraft:stone":55,"minecraft:torch":1,"minecraft:crafting_table":2,"minecraft:tall_grass":2,"minecraft:cobblestone":1,"endofherobrine:mossy_stone_bricks":2,"minecraft:wall_torch":2,"minecraft:seagrass":1,"minecraft:light_blue_terracotta":2,"minecraft:chain":1,"antlers:sheep_corpse":1,"minecraft:birch_log":16,"born_in_chaos_v1:river_mint":1,"minecraft:grass":24,"minecraft:mangrove_slab":1,"minecraft:oak_log":23,"minecraft:coal_ore":7,"minecraft:dirt":7,"minecraft:oak_leaves":5},"minecraft:dropped":{"minecraft:birch_planks":4,"minecraft:wheat_seeds":1,"minecraft:mangrove_trapdoor":1,"quark:hollow_birch_log":1,"minecraft:lead":2,"minecraft:coal":2,"minecraft:stick":5,"minecraft:iron_block":1,"minecraft:dirt":1,"minecraft:torch":8,"minecraft:potion":1,"minecraft:iron_leggings":1,"gravestone:obituary":24,"minecraft:sugar":1,"born_in_chaos_v1:staffof_magic_arrows":1,"undead_revamp2:blacpetalblock":1,"minecraft:string":1,"minecraft:mangrove_slab":1,"minecraft:bone":8,"minecraft:moss_carpet":2,"minecraft:rotten_flesh":10,"minecraft:oak_planks":34,"sophisticatedbackpacks:backpack":1,"minecraft:light_gray_carpet":1,"supplementaries:enderman_head":1,"dixtas_armory:stone_greatsword":1,"supplementaries:ash":1,"minecraft:andesite":3,"minecraft:melon_seeds":1,"minecraft:arrow":2,"minecraft:stone_pickaxe":1,"minecraft:light_blue_terracotta":2}},"DataVersion":3465}