{"stats":{"minecraft:picked_up":{"minecraft:iron_chestplate":1,"minecraft:wheat":1,"minecraft:black_carpet":1,"minecraft:creeper_head":2,"minecraft:lead":5,"minecraft:diamond_sword":3,"minecraft:potion":9,"minecraft:stone_brick_stairs":2,"spartanshields:diamond_basic_shield":1,"minecraft:brewing_stand":1,"minecraft:string":17,"minecraft:raw_copper":4,"minecraft:smooth_stone_slab":1,"minecraft:iron_leggings":2,"born_in_chaos_v1:dark_upgrade":2,"minecraft:sticky_piston":4,"minecraft:zombie_head":2,"supplementaries:hourglass":1,"minecraft:cobbled_deepslate":16,"minecraft:bucket":1,"minecraft:written_book":3,"minecraft:calcite":1,"minecraft:iron_pickaxe":3,"minecraft:enchanted_golden_apple":2,"minecraft:iron_boots":2,"minecraft:furnace":1,"supplementaries:enderman_head":1,"minecraft:tipped_arrow":4,"minecraft:spruce_pressure_plate":2,"minecraft:stick":5,"minecraft:deepslate_brick_wall":3,"minecraft:torch":75,"minecraft:acacia_log":2,"mowziesmobs:dart":410,"minecraft:porkchop":5,"born_in_chaos_v1:black_argillite_brick_stairs":1,"undead_revamp2:cloogerribs":25,"minecraft:rotten_flesh":55,"born_in_chaos_v1:magical_holiday_candy":2,"minecraft:polished_basalt":2,"supplementaries:antique_ink":2,"minecraft:iron_block":1,"supplementaries:ash":9,"minecraft:deepslate_brick_stairs":1,"minecraft:iron_bars":5,"undead_revamp2:arapholia":1,"minecraft:cobblestone":106,"minecraft:birch_log":32,"born_in_chaos_v1:staffof_magic_arrows":5,"minecraft:feather":8,"born_in_chaos_v1:spiritual_dust":166,"minecraft:andesite":5,"spartanshields:iron_basic_shield":3,"minecraft:potato":1,"quark:black_corundum_cluster":8,"minecraft:flint":2,"sophisticatedbackpacks:battery_upgrade":1,"supplementaries:slingshot":1,"minecraft:mangrove_slab":1,"minecraft:dirt":61,"minecraft:lantern":2,"antlers:tomahawkitem":24,"born_in_chaos_v1:staffofthe_summoner":2,"minecraft:name_tag":1,"minecraft:bone":145,"undead_revamp2:blacpetalblock":1,"minecraft:bow":1,"minecraft:wheat_seeds":55,"minecraft:raw_gold":3,"minecraft:deepslate_brick_slab":5,"create:mechanical_drill":1,"minecraft:cobbled_deepslate_slab":1,"minecraft:moss_block":4,"minecraft:oak_planks":419,"born_in_chaos_v1:mint_candy":1,"create:cogwheel":1,"bosses_of_mass_destruction:crystal_fruit":4,"minecraft:sugar":1,"supplementaries:bamboo_spikes":8,"minecraft:light_blue_terracotta":2,"minecraft:diamond":1,"minecraft:writable_book":1,"minecraft:emerald":5,"minecraft:bread":338,"minecraft:netherrack":4,"born_in_chaos_v1:rotten_fish":1,"minecraft:light_gray_carpet":1,"minecraft:bubble_coral_block":1,"minecraft:dark_oak_fence":4,"minecraft:coarse_dirt":1,"minecraft:crafting_table":5,"born_in_chaos_v1:diamond_termite_shard":1,"minecraft:chicken":5,"minecraft:ladder":5,"minecraft:leather_leggings":1,"minecraft:gold_block":2,"minecraft:diamond_horse_armor":1,"minecraft:chain":1,"gravestone:obituary":18,"minecraft:red_bed":1,"minecraft:moss_carpet":2,"minecraft:iron_axe":3,"minecraft:blackstone":10,"dungeons_plus:warped_axe":6,"minecraft:candle":11,"minecraft:beef":8,"minecraft:echo_shard":4,"minecraft:andesite_stairs":2,"minecraft:iron_nugget":6,"dixtas_armory:wooden_greatsword":1,"minecraft:birch_sapling":2,"minecraft:egg":5,"minecraft:raw_iron":4,"minecraft:polished_deepslate_slab":1,"minecraft:copper_ingot":3,"minecraft:spruce_fence":1,"sophisticatedbackpacks:backpack":6,"create:hand_crank":1,"minecraft:trident":1,"born_in_chaos_v1:pieceofdarkmetal":1,"graveyard:small_cyan_urn":3,"minecraft:mangrove_trapdoor":1,"mowziesmobs:umvuthana_mask_faith":1,"minecraft:arrow":202,"minecraft:diamond_chestplate":2,"minecraft:hay_block":1,"mowziesmobs:ice_crystal":2,"minecraft:saddle":2,"minecraft:mutton":1,"born_in_chaos_v1:fused_bone":4,"dixtas_armory:diamond_zweihander":3,"born_in_chaos_v1:corpse_maggot":2,"born_in_chaos_v1:infernal_evil_pumpkin":1,"minecraft:golden_carrot":2,"minecraft:salmon":9,"minecraft:leather":3,"minecraft:carrot_on_a_stick":1,"minecraft:filled_map":6,"minecraft:birch_planks":2,"minecraft:oak_log":34,"minecraft:yellow_bed":1,"minecraft:gunpowder":13,"deep_dark_regrowth:stone_tiles":16,"dixtas_armory:stone_twinblade":1,"mowziesmobs:wrought_axe":1,"minecraft:blue_bed":4,"quark:forgotten_hat":5,"create:copper_ladder":2,"born_in_chaos_v1:soul_cutlass":2,"minecraft:stone_bricks":4,"minecraft:apple":4,"minecraft:gray_carpet":1,"mowziesmobs:umvuthana_mask_rage":3,"minecraft:iron_ingot":66,"minecraft:stone_pickaxe":2,"minecraft:cobweb":3,"minecraft:glass_bottle":2,"minecraft:iron_sword":4,"mowziesmobs:umvuthana_mask_misery":1,"cctvcraft:raw_aluminum":18,"sophisticatedbackpacks:diamond_backpack":3,"minecraft:book":6,"deep_dark_regrowth:plasma_chunk":1,"minecraft:sculk":5,"mowziesmobs:blowgun":2,"minecraft:dandelion":1,"minecraft:gravel":7,"mowziesmobs:wrought_helmet":1,"minecraft:spruce_sapling":1,"minecraft:white_bed":1,"cctvcraft:aluminum_ingot":32,"minecraft:spider_eye":6,"create:gearbox":6,"supplementaries:clock_block":1,"minecraft:pumpkin_seeds":2,"minecraft:slime_ball":15,"minecraft:stone_axe":3,"minecraft:iron_helmet":2,"quark:hollow_birch_log":2,"mowziesmobs:umvuthana_mask_fear":1,"minecraft:baked_potato":1,"minecraft:melon_seeds":1,"minecraft:coal":9},"minecraft:broken":{"minecraft:iron_boots":2,"minecraft:iron_leggings":2,"minecraft:iron_sword":1,"quark:forgotten_hat":1,"mowziesmobs:umvuthana_mask_misery":1,"minecraft:iron_helmet":2},"minecraft:custom":{"minecraft:interact_with_crafting_table":23,"minecraft:open_barrel":69,"minecraft:leave_game":16,"minecraft:time_since_death":1678,"minecraft:damage_resisted":333,"minecraft:sprint_one_cm":954726,"minecraft:damage_blocked_by_shield":1836,"minecraft:drop":274,"minecraft:talked_to_villager":3,"minecraft:play_time":686940,"minecraft:deaths":80,"minecraft:jump":7634,"minecraft:walk_on_water_one_cm":64873,"minecraft:interact_with_furnace":21,"minecraft:sleep_in_bed":8,"minecraft:damage_dealt":41564,"minecraft:player_kills":1,"minecraft:crouch_one_cm":45714,"minecraft:horse_one_cm":10717,"minecraft:interact_with_anvil":1,"minecraft:mob_kills":192,"minecraft:damage_dealt_resisted":4267,"minecraft:climb_one_cm":31993,"minecraft:walk_one_cm":1257548,"minecraft:sneak_time":20620,"minecraft:walk_under_water_one_cm":105170,"minecraft:interact_with_lectern":2,"minecraft:boat_one_cm":116209,"minecraft:total_world_time":686940,"spartanshields:shield_bash_hits":9,"minecraft:pot_flower":1,"minecraft:time_since_rest":1707,"minecraft:damage_taken":20132823,"minecraft:damage_absorbed":40,"minecraft:trigger_trapped_chest":10,"minecraft:swim_one_cm":140921,"minecraft:fly_one_cm":1664526,"minecraft:open_chest":81,"minecraft:fall_one_cm":194340},"minecraft:dropped":{"minecraft:iron_sword":1,"minecraft:moss_block":4,"minecraft:birch_planks":4,"dungeons_plus:warped_axe":1,"minecraft:glass_bottle":1,"minecraft:diamond":1,"mowziesmobs:umvuthana_mask_faith":1,"minecraft:lantern":1,"minecraft:leather":2,"minecraft:saddle":1,"minecraft:flint":2,"minecraft:emerald":1,"minecraft:gold_block":2,"dixtas_armory:diamond_zweihander":3,"minecraft:dirt":2,"born_in_chaos_v1:fel_lamp":1,"gravestone:obituary":65,"minecraft:writable_book":1,"minecraft:bone_block":2,"minecraft:sugar":1,"minecraft:iron_pickaxe":1,"undead_revamp2:blacpetalblock":1,"minecraft:mangrove_slab":1,"minecraft:bone":12,"minecraft:gravel":7,"minecraft:blackstone":4,"mowziesmobs:umvuthana_mask_rage":3,"minecraft:iron_nugget":6,"minecraft:cobbled_deepslate":16,"minecraft:black_carpet":1,"minecraft:birch_sapling":2,"minecraft:wheat":1,"undead_revamp2:arapholia":1,"deep_dark_regrowth:stone_tiles":16,"minecraft:deepslate_brick_slab":5,"minecraft:rotten_flesh":47,"minecraft:oak_planks":40,"minecraft:light_gray_carpet":1,"born_in_chaos_v1:dark_upgrade":1,"supplementaries:enderman_head":1,"sophisticatedbackpacks:diamond_backpack":1,"dixtas_armory:stone_greatsword":1,"graveyard:small_cyan_urn":3,"supplementaries:ash":8,"minecraft:tipped_arrow":1,"minecraft:trident":1,"minecraft:gunpowder":13,"create:gearbox":3,"minecraft:melon_seeds":1,"minecraft:spruce_pressure_plate":2,"minecraft:ladder":5,"minecraft:leather_leggings":1,"minecraft:arrow":74,"minecraft:stone_brick_stairs":2,"minecraft:written_book":2,"minecraft:netherrack":4,"minecraft:egg":4,"minecraft:bread":213,"minecraft:iron_ingot":2,"minecraft:wheat_seeds":27,"supplementaries:bamboo_spikes":1,"quark:hollow_birch_log":1,"minecraft:mangrove_trapdoor":1,"minecraft:deepslate_brick_wall":3,"minecraft:lead":2,"mowziesmobs:umvuthana_mask_fear":1,"minecraft:apple":4,"minecraft:copper_ingot":3,"minecraft:coal":2,"minecraft:stick":8,"minecraft:cobweb":3,"minecraft:diamond_horse_armor":1,"minecraft:iron_block":1,"cctvcraft:aluminum_ingot":16,"minecraft:deepslate_brick_stairs":1,"minecraft:sculk":5,"minecraft:torch":8,"minecraft:zombie_head":2,"minecraft:potion":5,"minecraft:iron_leggings":1,"minecraft:iron_axe":1,"minecraft:polished_basalt":2,"born_in_chaos_v1:staffof_magic_arrows":2,"minecraft:string":10,"create:mechanical_drill":1,"minecraft:gray_carpet":1,"minecraft:acacia_planks":5,"minecraft:spruce_sapling":1,"minecraft:dandelion":1,"supplementaries:hourglass":1,"minecraft:moss_carpet":2,"minecraft:creeper_head":2,"born_in_chaos_v1:black_argillite_brick_stairs":1,"minecraft:raw_copper":4,"minecraft:smooth_stone_slab":1,"minecraft:raw_iron":4,"born_in_chaos_v1:rotten_fish":1,"minecraft:polished_deepslate_slab":1,"sophisticatedbackpacks:backpack":4,"minecraft:spruce_fence":1,"minecraft:pumpkin_seeds":6,"minecraft:filled_map":4,"minecraft:diamond_sword":3,"minecraft:iron_chestplate":1,"minecraft:andesite":5,"minecraft:andesite_stairs":2,"minecraft:spider_eye":2,"minecraft:stone_bricks":4,"minecraft:stone_pickaxe":2,"minecraft:raw_gold":3,"minecraft:light_blue_terracotta":2,"minecraft:calcite":1},"minecraft:killed":{"minecraft:cave_spider":4,"born_in_chaos_v1:mr_pumpkin":8,"born_in_chaos_v1:door_knight_not_despawn":1,"minecraft:spider":14,"born_in_chaos_v1:siamese_skeletonsright":2,"minecraft:shulker":1,"born_in_chaos_v1:baby_skeleton_minion":2,"quark:forgotten":4,"minecraft:skeleton":5,"minecraft:guardian":1,"minecraft:chicken":2,"mowziesmobs:umvuthana_crane":5,"minecraft:silverfish":27,"antlers:wendigo":1,"born_in_chaos_v1:firelight_not_despawn":1,"minecraft:piglin":2,"minecraft:pig":3,"born_in_chaos_v1:diamond_termite":2,"minecraft:salmon":11,"minecraft:creeper":1,"minecraft:sheep":2,"minecraft:pillager":7,"antlers:wendigomad":2,"minecraft:zombie":14,"minecraft:stray":6,"born_in_chaos_v1:door_knight":1,"born_in_chaos_v1:siamese_skeletonsleft":2,"minecraft:cow":2,"quark:toretoise":1,"born_in_chaos_v1:skeleton_thrasher_not_despawn":1,"born_in_chaos_v1:maggot":5,"mowziesmobs:ferrous_wroughtnaut":1,"minecraft:drowned":10,"mowziesmobs:umvuthana":8,"born_in_chaos_v1:felsteed":1,"born_in_chaos_v1:bone_imp_minion":12,"undead_revamp2:the_moonflower":1,"born_in_chaos_v1:riding_felsteed":1,"born_in_chaos_v1:decrepit_skeleton":1,"born_in_chaos_v1:dark_vortex":1,"born_in_chaos_v1:controlled_baby_skeleton":3},"minecraft:used":{"deep_dark_regrowth:time_capsule_open":2,"bosses_of_mass_destruction:crystal_fruit":1,"minecraft:oak_sign":1,"minecraft:iron_sword":370,"mowziesmobs:wroughtnaut_spawn_egg":1,"minecraft:carrot":10,"born_in_chaos_v1:soul_cutlass":140,"minecraft:lantern":1,"born_in_chaos_v1:mint_candy":1,"undead_revamp2:cloogerribs":24,"minecraft:bow":15,"spartanshields:iron_basic_shield":167,"minecraft:sweet_berries":2,"minecraft:written_book":1,"born_in_chaos_v1:fel_lamp":1,"minecraft:furnace":4,"minecraft:egg":1,"minecraft:stone_pickaxe":62,"minecraft:oak_planks":154,"minecraft:blackstone":4,"minecraft:wooden_pickaxe":57,"minecraft:blue_bed":3,"minecraft:golden_apple":1,"spartanshields:diamond_basic_shield":78,"dungeons_plus:warped_axe":144,"born_in_chaos_v1:infernal_evil_pumpkin":1,"minecraft:bread":182,"deeperdarker:warden_sword":28,"born_in_chaos_v1:staffof_magic_arrows":192,"dixtas_armory:wooden_greatsword":35,"dixtas_armory:diamond_zweihander":2,"quark:black_corundum_cluster":1,"minecraft:birch_log":5,"minecraft:cobweb":12,"minecraft:oak_fence":2,"mowziesmobs:blowgun":49,"minecraft:cooked_salmon":7,"minecraft:torch":35,"minecraft:dirt":25,"dixtas_armory:stone_greatsword":103,"minecraft:iron_axe":89,"minecraft:iron_boots":1,"minecraft:golden_carrot":2,"minecraft:acacia_planks":3,"minecraft:iron_leggings":1,"minecraft:birch_planks":17,"minecraft:glass_bottle":1,"quark:hollow_birch_log":1,"supplementaries:slingshot":4,"minecraft:crafting_table":8,"minecraft:red_bed":1,"mowziesmobs:wrought_axe":1,"minecraft:chicken":1,"minecraft:iron_pickaxe":32,"born_in_chaos_v1:staffofthe_summoner":123,"minecraft:stone_axe":24,"minecraft:cobblestone":41,"minecraft:potion":2,"minecraft:porkchop":5,"minecraft:cooked_porkchop":1,"minecraft:yellow_bed":1,"minecraft:candle":11},"minecraft:crafted":{"minecraft:oak_planks":136,"minecraft:iron_boots":1,"minecraft:oak_fence":12,"minecraft:crafting_table":5,"minecraft:iron_helmet":1,"minecraft:wooden_pickaxe":2,"dixtas_armory:stone_greatsword":1,"minecraft:birch_planks":44,"minecraft:stick":64,"minecraft:furnace":3,"cctvcraft:aluminum_ingot":16,"minecraft:stone_pickaxe":2,"minecraft:cooked_salmon":7,"minecraft:air":0,"minecraft:iron_leggings":1,"minecraft:acacia_planks":8,"minecraft:torch":24},"minecraft:killed_by":{"born_in_chaos_v1:mr_pumpkin":2,"quark:forgotten":2,"born_in_chaos_v1:bone_imp_minion":4,"bwrtherain:vapor":2,"mowziesmobs:umvuthi":9,"man:managgresive":1,"minecraft:cave_spider":1,"minecraft:zombie":1,"born_in_chaos_v1:supreme_bonescaller_stage_2":2,"minecraft:player":23,"minecraft:spider":3,"apollyon:the_infector":1,"bosses_of_mass_destruction:void_blossom":6,"mowziesmobs:ferrous_wroughtnaut":2,"minecraft:shulker":1,"born_in_chaos_v1:sir_pumpkinhead":1,"minecraft:skeleton":1,"born_in_chaos_v1:skeleton_thrasher_not_despawn":1,"antlers:wendigo":10,"endofherobrine:pigman":1},"minecraft:mined":{"minecraft:white_bed":1,"quark:yellow_blossom_leaves":3,"minecraft:andesite_stairs":2,"minecraft:brewing_stand":1,"minecraft:spruce_trapdoor":1,"cctvcraft:aluminum_ore":13,"minecraft:acacia_log":2,"minecraft:grass_block":22,"minecraft:spawner":7,"minecraft:tall_seagrass":2,"minecraft:fire":2,"born_in_chaos_v1:black_argillite_brick_stairs":1,"quark:black_corundum_cluster":8,"minecraft:iron_bars":2,"minecraft:spruce_pressure_plate":2,"minecraft:azalea":1,"minecraft:red_bed":1,"minecraft:blackstone":6,"minecraft:torch":1,"minecraft:mushroom_stem":1,"minecraft:spruce_wall_sign":1,"minecraft:cobblestone":2,"graveyard:skeleton_hand":1,"minecraft:oak_planks":13,"minecraft:wall_torch":2,"deep_dark_regrowth:stone_tiles":1,"minecraft:seagrass":2,"minecraft:light_blue_terracotta":2,"minecraft:chain":1,"minecraft:birch_log":19,"born_in_chaos_v1:river_mint":1,"graveyard:skull_pile":1,"minecraft:grass":65,"minecraft:oak_log":35,"minecraft:dirt":16,"structure_gel:dynamic_spawner":2,"quark:dripstone_block_wall":1,"born_in_chaos_v1:infernal_evil_pumpkin_s":1,"minecraft:netherrack":3,"minecraft:oak_leaves":35,"minecraft:deepslate":6,"supplementaries:clock_block":1,"minecraft:deepslate_diamond_ore":1,"minecraft:dark_oak_leaves":1,"minecraft:candle":5,"gravestone:gravestone":62,"born_in_chaos_v1:black_argillite_brick_wall":1,"create:large_cogwheel":1,"create:encased_fan":4,"minecraft:mangrove_trapdoor":1,"minecraft:spruce_leaves":13,"minecraft:moss_block":3,"minecraft:furnace":1,"bosses_of_mass_destruction:void_blossom":4,"minecraft:andesite":3,"minecraft:bell":1,"minecraft:lantern":1,"minecraft:stone":69,"minecraft:brain_coral":1,"minecraft:hanging_roots":1,"minecraft:crafting_table":3,"minecraft:tall_grass":8,"endofherobrine:mossy_stone_bricks":2,"minecraft:blue_bed":2,"minecraft:birch_planks":2,"minecraft:coarse_dirt":1,"antlers:sheep_corpse":1,"create:gearbox":1,"minecraft:birch_leaves":7,"minecraft:mangrove_slab":1,"minecraft:coal_ore":7,"graveyard:leaning_skeleton":1,"minecraft:acacia_planks":3}},"DataVersion":3465}