{"stats":{"minecraft:picked_up":{"minecraft:wheat_seeds":1,"minecraft:stone_pickaxe":1,"minecraft:oak_log":3,"minecraft:coal":7,"minecraft:cobblestone":18},"minecraft:custom":{"minecraft:time_since_rest":10820,"minecraft:crouch_one_cm":1988,"minecraft:sprint_one_cm":1636,"minecraft:play_time":10820,"minecraft:damage_taken":50,"minecraft:walk_one_cm":14309,"minecraft:sneak_time":1171,"minecraft:jump":25,"minecraft:leave_game":2,"minecraft:time_since_death":10820,"minecraft:total_world_time":10820,"minecraft:interact_with_crafting_table":1,"minecraft:fly_one_cm":1290},"minecraft:used":{"minecraft:stone_pickaxe":10,"minecraft:wooden_pickaxe":15},"minecraft:crafted":{"minecraft:oak_planks":12,"minecraft:torch":8,"minecraft:stick":4,"minecraft:wooden_pickaxe":1},"minecraft:mined":{"minecraft:oak_log":4,"minecraft:coal_ore":7,"minecraft:stone":18}},"DataVersion":3465}