{"stats":{"minecraft:custom":{"minecraft:interact_with_anvil":2,"minecraft:mob_kills":69,"minecraft:interact_with_crafting_table":24,"minecraft:open_barrel":42,"minecraft:damage_dealt_resisted":2778,"minecraft:leave_game":22,"minecraft:time_since_death":7594,"minecraft:climb_one_cm":824,"minecraft:damage_resisted":20,"minecraft:sprint_one_cm":215591,"minecraft:walk_one_cm":447894,"minecraft:damage_blocked_by_shield":405,"minecraft:drop":126,"minecraft:talked_to_villager":2,"minecraft:play_time":241506,"minecraft:sneak_time":3602,"minecraft:deaths":22,"minecraft:walk_under_water_one_cm":10356,"minecraft:boat_one_cm":20,"minecraft:jump":2138,"minecraft:interact_with_brewingstand":2,"minecraft:walk_on_water_one_cm":24525,"minecraft:total_world_time":241506,"spartanshields:shield_bash_hits":1,"minecraft:sleep_in_bed":5,"minecraft:time_since_rest":7626,"minecraft:damage_absorbed":40,"minecraft:damage_taken":7745,"minecraft:trigger_trapped_chest":3,"minecraft:damage_dealt":13939,"minecraft:swim_one_cm":5991,"minecraft:fly_one_cm":534504,"minecraft:player_kills":3,"minecraft:open_chest":23,"minecraft:crouch_one_cm":6985,"minecraft:fall_one_cm":51031},"minecraft:used":{"minecraft:beetroot":4,"minecraft:iron_bars":7,"minecraft:iron_shovel":1,"minecraft:flint_and_steel":3,"deeperdarker:warden_chestplate":1,"minecraft:stone_shovel":51,"deeperdarker:warden_boots":1,"minecraft:spruce_planks":2,"minecraft:iron_sword":119,"minecraft:stripped_birch_wood":2,"minecraft:stick":6,"dixtas_armory:stone_twinblade":135,"minecraft:iron_chestplate":1,"minecraft:torch":16,"minecraft:dirt":14,"minecraft:mutton":5,"minecraft:anvil":2,"create:light_blue_toolbox":2,"dixtas_armory:stone_greatsword":64,"born_in_chaos_v1:corpse_maggot":2,"born_in_chaos_v1:smoked_flesh":2,"minecraft:lava_bucket":2,"mowziesmobs:umvuthana_mask_faith":1,"minecraft:lantern":1,"minecraft:iron_axe":74,"born_in_chaos_v1:mint_candy":2,"minecraft:iron_boots":1,"minecraft:golden_carrot":1,"minecraft:beef":2,"spartanshields:iron_basic_shield":43,"minecraft:written_book":2,"undead_revamp2:arapholia":1,"minecraft:egg":1,"minecraft:beetroot_soup":1,"minecraft:iron_leggings":1,"minecraft:water_bucket":1,"minecraft:birch_planks":6,"minecraft:stone_pickaxe":139,"minecraft:oak_planks":14,"minecraft:wooden_pickaxe":6,"minecraft:birch_boat":1,"born_in_chaos_v1:stimulating_decoction":1,"minecraft:golden_apple":1,"minecraft:tnt":60,"minecraft:crafting_table":8,"minecraft:white_bed":2,"born_in_chaos_v1:holiday_candy":5,"minecraft:oak_log":46,"minecraft:apple":2,"born_in_chaos_v1:monster_flesh":1,"minecraft:melon_slice":3,"minecraft:bread":16,"minecraft:iron_pickaxe":2,"deeperdarker:warden_sword":22,"born_in_chaos_v1:staffofthe_summoner":9,"supplementaries:rope":2,"minecraft:stone_axe":15,"minecraft:cobblestone":24,"minecraft:porkchop":10,"minecraft:andesite":12,"minecraft:birch_log":1,"deeperdarker:warden_leggings":1},"minecraft:killed_by":{"minecraft:player":1,"mowziesmobs:umvuthana_follower_raptor":1,"born_in_chaos_v1:bone_imp_minion":3,"undead_revamp2:clogger":1,"mowziesmobs:umvuthi":8,"mowziesmobs:umvuthana":1,"born_in_chaos_v1:supreme_bonescaller_stage_2":1,"antlers:wendigo":2,"antlers:wendigomad":2},"minecraft:crafted":{"minecraft:cherry_planks":4,"minecraft:oak_planks":118,"minecraft:stone_shovel":1,"minecraft:birch_boat":1,"dixtas_armory:wooden_greatsword":1,"spartanshields:iron_basic_shield":2,"minecraft:iron_boots":1,"minecraft:stone_pickaxe":2,"minecraft:crafting_table":8,"minecraft:spruce_planks":28,"minecraft:iron_helmet":1,"minecraft:wooden_pickaxe":1,"dixtas_armory:stone_greatsword":1,"minecraft:birch_planks":16,"minecraft:stone_axe":1,"born_in_chaos_v1:staffofthe_summoner":1,"minecraft:iron_chestplate":1,"minecraft:stick":18,"minecraft:iron_ingot":41,"minecraft:iron_leggings":1,"spartanshields:wooden_basic_shield":2,"minecraft:white_bed":1,"minecraft:torch":32},"minecraft:killed":{"endofherobrine:silverfish":6,"born_in_chaos_v1:zombie_clown_not_despawn":1,"minecraft:spider":4,"undead_revamp2:thesmoker":1,"born_in_chaos_v1:maggot":3,"minecraft:skeleton":1,"minecraft:chicken":2,"mowziesmobs:umvuthana_crane":4,"born_in_chaos_v1:supreme_bonescaller_stage_2":1,"undead_revamp2:sucker":1,"mowziesmobs:umvuthana":3,"minecraft:pig":6,"born_in_chaos_v1:bone_imp_minion":4,"born_in_chaos_v1:baby_skeleton":1,"undead_revamp2:the_moonflower":2,"mowziesmobs:umvuthana_follower_raptor":2,"born_in_chaos_v1:decrepit_skeleton":3,"minecraft:sheep":4,"minecraft:zombie":2,"born_in_chaos_v1:corpse_fly":1,"endofherobrine:sheep":8,"born_in_chaos_v1:door_knight":1,"apollyon:the_damned":1,"minecraft:cow":4},"minecraft:picked_up":{"minecraft:crafting_table":6,"minecraft:wheat":8,"minecraft:chicken":2,"create:light_blue_seat":1,"minecraft:lead":2,"minecraft:wooden_pickaxe":1,"minecraft:wither_rose":1,"gravestone:obituary":10,"minecraft:string":6,"supplementaries:globe":1,"minecraft:moss_carpet":2,"minecraft:raw_copper":147,"minecraft:iron_axe":1,"minecraft:iron_leggings":1,"supplementaries:statue":1,"born_in_chaos_v1:intoxicating_decoction":1,"minecraft:cracked_stone_bricks":1,"deeperdarker:warden_sword":1,"minecraft:beef":7,"supplementaries:cage":1,"minecraft:egg":1,"supplementaries:enderman_head":1,"minecraft:stick":21,"minecraft:raw_iron":2,"minecraft:copper_ingot":2,"minecraft:torch":3,"sophisticatedbackpacks:backpack":2,"minecraft:porkchop":10,"quark:oak_leaf_carpet":1,"minecraft:mangrove_trapdoor":1,"minecraft:tnt":14,"minecraft:arrow":2,"minecraft:stone_shovel":2,"minecraft:rotten_flesh":37,"supplementaries:ash":1,"minecraft:mutton":6,"minecraft:iron_bars":8,"undead_revamp2:arapholia":1,"minecraft:white_wool":4,"minecraft:cobblestone":98,"minecraft:birch_log":5,"born_in_chaos_v1:corpse_maggot":4,"born_in_chaos_v1:staffof_magic_arrows":3,"minecraft:feather":5,"minecraft:dark_oak_button":1,"born_in_chaos_v1:spiritual_dust":7,"minecraft:andesite":15,"minecraft:leather":2,"minecraft:birch_planks":5,"minecraft:oak_log":691,"minecraft:wither_skeleton_skull":1,"mowziesmobs:wrought_axe":1,"minecraft:mangrove_slab":1,"minecraft:dirt":93,"minecraft:lantern":3,"man:cassette_1safetyinstructions":2,"dixtas_armory:stone_greatsword":2,"minecraft:piglin_head":2,"minecraft:mangrove_fence":2,"minecraft:bone":9,"minecraft:apple":1,"undead_revamp2:blacpetalblock":1,"minecraft:wheat_seeds":10,"minecraft:deepslate_brick_slab":1,"minecraft:iron_ingot":2,"minecraft:stone_pickaxe":2,"mowziesmobs:umvuthana_mask_misery":1,"minecraft:oak_planks":133,"born_in_chaos_v1:mint_candy":1,"cctvcraft:raw_aluminum":23,"minecraft:book":51,"minecraft:birch_boat":1,"minecraft:pumpkin":3,"supplementaries:sack":5,"born_in_chaos_v1:orbofthe_summoner":3,"minecraft:dandelion":1,"minecraft:stripped_spruce_log":24,"minecraft:white_bed":1,"minecraft:spider_eye":2,"minecraft:mossy_cobblestone":1,"minecraft:light_blue_terracotta":2,"minecraft:stone_axe":2,"quark:hollow_birch_log":1,"minecraft:light_gray_carpet":1,"minecraft:coal":31},"minecraft:mined":{"undead_revamp2:arapholia":2,"minecraft:white_bed":1,"quark:orange_blossom_leaves":4,"minecraft:mossy_cobblestone":2,"quark:oak_leaf_carpet":1,"cctvcraft:aluminum_ore":16,"gravestone:gravestone":17,"minecraft:grass_block":20,"minecraft:mangrove_fence":2,"quark:acacia_bookshelf":2,"minecraft:spawner":3,"quark:hollow_birch_log":2,"minecraft:deepslate_brick_slab":1,"minecraft:potted_dark_oak_sapling":1,"minecraft:iron_ore":2,"minecraft:fire":1,"minecraft:andesite":13,"minecraft:stripped_spruce_log":25,"minecraft:pumpkin":3,"supplementaries:globe":1,"minecraft:bookshelf":6,"supplementaries:stick":1,"minecraft:cave_vines":1,"minecraft:vine":1,"minecraft:iron_bars":10,"minecraft:stone":49,"quark:blossom_bookshelf":4,"supplementaries:statue":1,"quark:spruce_bookshelf":5,"minecraft:crafting_table":5,"minecraft:torch":1,"supplementaries:sack":5,"minecraft:copper_ore":15,"minecraft:tall_grass":24,"minecraft:cobblestone":5,"minecraft:oak_planks":4,"endofherobrine:mossy_stone_bricks":3,"minecraft:wall_torch":2,"supplementaries:cage":1,"supplementaries:urn":2,"minecraft:birch_planks":1,"minecraft:coarse_dirt":1,"antlers:sheep_corpse":3,"minecraft:birch_log":5,"minecraft:birch_leaves":2,"minecraft:tnt":14,"minecraft:grass":100,"minecraft:oak_log":19,"minecraft:coal_ore":11,"minecraft:dirt":51,"minecraft:cracked_stone_bricks":2,"minecraft:wither_skeleton_skull":1,"minecraft:oak_leaves":14,"create:light_blue_seat":1},"minecraft:dropped":{"minecraft:bread":15,"minecraft:iron_sword":1,"born_in_chaos_v1:mint_candy":2,"minecraft:wheat_seeds":21,"dixtas_armory:wooden_greatsword":1,"minecraft:iron_helmet":1,"minecraft:cobblestone":3,"born_in_chaos_v1:orbofthe_summoner":2,"minecraft:lantern":2,"deeperdarker:warden_sword":1,"spartanshields:iron_basic_shield":2,"mowziesmobs:wrought_axe":1,"dixtas_armory:stone_twinblade":1,"minecraft:stick":3,"minecraft:torch":4,"minecraft:zombie_head":1,"minecraft:iron_leggings":1,"gravestone:obituary":25,"minecraft:iron_axe":2,"minecraft:sugar":1,"born_in_chaos_v1:staffof_magic_arrows":3,"minecraft:string":3,"minecraft:bone":4,"minecraft:stone_axe":2,"minecraft:creeper_head":1,"minecraft:wheat":1,"minecraft:chicken":1,"minecraft:iron_boots":1,"sophisticatedbackpacks:backpack":4,"minecraft:name_tag":1,"born_in_chaos_v1:spiritual_dust":8,"supplementaries:enderman_head":1,"minecraft:pumpkin_seeds":2,"minecraft:potato":1,"mowziesmobs:umvuthana_mask_misery":1,"minecraft:iron_chestplate":1,"minecraft:melon_seeds":1,"minecraft:spider_eye":1,"minecraft:stone_pickaxe":2}},"DataVersion":3465}