{"stats":{"minecraft:killed_by":{"minecraft:player":1,"mowziesmobs:umvuthana_follower_raptor":1,"undead_revamp2:clogger":1,"mowziesmobs:umvuthi":2,"mowziesmobs:umvuthana":1,"antlers:wendigo":1,"antlers:wendigomad":2},"minecraft:crafted":{"minecraft:cherry_planks":4,"minecraft:oak_planks":82,"minecraft:stone_shovel":1,"minecraft:birch_boat":1,"dixtas_armory:wooden_greatsword":1,"minecraft:stone_pickaxe":2,"minecraft:crafting_table":5,"minecraft:wooden_pickaxe":1,"dixtas_armory:stone_greatsword":1,"minecraft:birch_planks":16,"minecraft:stone_axe":1,"minecraft:stick":14,"minecraft:white_bed":1,"minecraft:torch":32},"minecraft:dropped":{"born_in_chaos_v1:mint_candy":2,"minecraft:wheat_seeds":5,"dixtas_armory:wooden_greatsword":1,"minecraft:iron_helmet":1,"mowziesmobs:wrought_axe":1,"minecraft:zombie_head":1,"gravestone:obituary":8,"minecraft:stone_axe":1,"minecraft:creeper_head":1,"minecraft:chicken":1,"sophisticatedbackpacks:backpack":2,"minecraft:name_tag":1,"supplementaries:enderman_head":1,"minecraft:stone_pickaxe":1},"minecraft:used":{"deeperdarker:warden_chestplate":1,"minecraft:stone_shovel":51,"deeperdarker:warden_boots":1,"dixtas_armory:stone_twinblade":127,"minecraft:stick":6,"minecraft:torch":16,"minecraft:dirt":14,"minecraft:anvil":2,"minecraft:mutton":5,"create:light_blue_toolbox":2,"dixtas_armory:stone_greatsword":64,"born_in_chaos_v1:smoked_flesh":2,"minecraft:iron_axe":11,"born_in_chaos_v1:mint_candy":2,"minecraft:beef":2,"undead_revamp2:arapholia":1,"minecraft:birch_planks":6,"minecraft:stone_pickaxe":114,"minecraft:oak_planks":12,"minecraft:birch_boat":1,"minecraft:wooden_pickaxe":6,"born_in_chaos_v1:stimulating_decoction":1,"minecraft:golden_apple":1,"minecraft:crafting_table":6,"minecraft:white_bed":2,"born_in_chaos_v1:holiday_candy":5,"minecraft:oak_log":46,"minecraft:melon_slice":3,"supplementaries:rope":2,"minecraft:stone_axe":15,"minecraft:cobblestone":24,"minecraft:porkchop":10,"minecraft:andesite":12,"deeperdarker:warden_leggings":1},"minecraft:mined":{"undead_revamp2:arapholia":2,"minecraft:white_bed":1,"quark:orange_blossom_leaves":4,"cctvcraft:aluminum_ore":16,"gravestone:gravestone":7,"minecraft:grass_block":19,"quark:hollow_birch_log":2,"minecraft:deepslate_brick_slab":1,"minecraft:iron_ore":2,"minecraft:andesite":13,"minecraft:pumpkin":3,"supplementaries:stick":1,"minecraft:vine":1,"minecraft:iron_bars":4,"minecraft:stone":49,"minecraft:crafting_table":3,"minecraft:torch":1,"supplementaries:sack":1,"minecraft:cobblestone":5,"minecraft:copper_ore":15,"minecraft:tall_grass":15,"minecraft:oak_planks":4,"minecraft:wall_torch":2,"supplementaries:urn":1,"minecraft:birch_planks":1,"minecraft:coarse_dirt":1,"antlers:sheep_corpse":3,"minecraft:birch_log":4,"minecraft:grass":63,"minecraft:coal_ore":11,"minecraft:oak_log":6,"minecraft:dirt":50,"minecraft:oak_leaves":14,"create:light_blue_seat":1},"minecraft:picked_up":{"minecraft:crafting_table":5,"minecraft:wheat":8,"minecraft:chicken":1,"create:light_blue_seat":1,"minecraft:lead":2,"minecraft:wooden_pickaxe":1,"minecraft:wither_rose":1,"gravestone:obituary":2,"minecraft:raw_copper":147,"minecraft:iron_axe":1,"minecraft:iron_leggings":1,"born_in_chaos_v1:intoxicating_decoction":1,"minecraft:beef":7,"supplementaries:enderman_head":1,"minecraft:raw_iron":2,"minecraft:stick":16,"minecraft:copper_ingot":2,"minecraft:torch":3,"sophisticatedbackpacks:backpack":2,"minecraft:porkchop":10,"minecraft:rotten_flesh":21,"minecraft:stone_shovel":2,"minecraft:mutton":6,"undead_revamp2:arapholia":1,"minecraft:cobblestone":98,"minecraft:white_wool":4,"minecraft:birch_log":4,"born_in_chaos_v1:corpse_maggot":2,"minecraft:feather":2,"minecraft:andesite":12,"minecraft:leather":2,"minecraft:birch_planks":1,"minecraft:oak_log":678,"mowziesmobs:wrought_axe":1,"minecraft:dirt":93,"man:cassette_1safetyinstructions":2,"dixtas_armory:stone_greatsword":2,"minecraft:piglin_head":2,"minecraft:deepslate_brick_slab":1,"minecraft:wheat_seeds":9,"minecraft:stone_pickaxe":1,"born_in_chaos_v1:mint_candy":1,"minecraft:oak_planks":99,"cctvcraft:raw_aluminum":23,"minecraft:birch_boat":1,"minecraft:pumpkin":3,"supplementaries:sack":1,"minecraft:white_bed":1,"minecraft:stone_axe":2,"minecraft:coal":31},"minecraft:killed":{"born_in_chaos_v1:zombie_clown_not_despawn":1,"undead_revamp2:thesmoker":1,"born_in_chaos_v1:maggot":3,"minecraft:skeleton":1,"minecraft:chicken":1,"mowziesmobs:umvuthana_crane":1,"mowziesmobs:umvuthana":2,"minecraft:pig":6,"undead_revamp2:the_moonflower":2,"mowziesmobs:umvuthana_follower_raptor":2,"minecraft:sheep":4,"endofherobrine:sheep":8,"apollyon:the_damned":1,"minecraft:cow":4},"minecraft:custom":{"minecraft:mob_kills":38,"minecraft:interact_with_anvil":2,"minecraft:interact_with_crafting_table":11,"minecraft:open_barrel":10,"minecraft:damage_dealt_resisted":378,"minecraft:leave_game":18,"minecraft:time_since_death":16062,"minecraft:climb_one_cm":276,"minecraft:damage_resisted":20,"minecraft:sprint_one_cm":143415,"minecraft:walk_one_cm":228206,"minecraft:drop":27,"minecraft:talked_to_villager":1,"minecraft:play_time":136151,"minecraft:deaths":10,"minecraft:sneak_time":2317,"minecraft:walk_under_water_one_cm":8953,"minecraft:boat_one_cm":20,"minecraft:jump":1394,"minecraft:interact_with_brewingstand":2,"minecraft:walk_on_water_one_cm":15346,"minecraft:total_world_time":136151,"minecraft:time_since_rest":16090,"minecraft:damage_taken":3512,"minecraft:damage_absorbed":40,"minecraft:trigger_trapped_chest":3,"minecraft:damage_dealt":7600,"minecraft:swim_one_cm":2120,"minecraft:fly_one_cm":376487,"minecraft:player_kills":1,"minecraft:open_chest":10,"minecraft:crouch_one_cm":4513,"minecraft:fall_one_cm":32334}},"DataVersion":3465}