{"stats":{"minecraft:killed_by":{"mowziesmobs:umvuthana_follower_raptor":1,"antlers:wendigomad":2},"minecraft:mined":{"quark:orange_blossom_leaves":4,"minecraft:iron_ore":2,"minecraft:andesite":7,"minecraft:torch":1,"minecraft:crafting_table":2,"supplementaries:stick":1,"minecraft:grass":22,"minecraft:oak_log":6,"minecraft:coal_ore":11,"minecraft:grass_block":6,"minecraft:dirt":27,"minecraft:copper_ore":15,"minecraft:cobblestone":5,"minecraft:stone":49,"minecraft:oak_planks":4,"minecraft:oak_leaves":11,"minecraft:wall_torch":2},"minecraft:crafted":{"minecraft:oak_planks":82,"minecraft:stone_shovel":1,"minecraft:crafting_table":3,"minecraft:stick":14,"minecraft:wooden_pickaxe":1,"minecraft:stone_pickaxe":2,"dixtas_armory:stone_greatsword":1,"dixtas_armory:wooden_greatsword":1,"minecraft:torch":32,"minecraft:stone_axe":1},"minecraft:dropped":{"minecraft:wheat_seeds":2,"dixtas_armory:wooden_greatsword":1,"minecraft:stone_pickaxe":1,"mowziesmobs:wrought_axe":1},"minecraft:picked_up":{"minecraft:raw_iron":2,"minecraft:stick":12,"minecraft:crafting_table":4,"minecraft:wheat":8,"minecraft:andesite":7,"minecraft:torch":3,"minecraft:wooden_pickaxe":1,"minecraft:porkchop":3,"minecraft:oak_log":678,"mowziesmobs:wrought_axe":1,"dixtas_armory:stone_greatsword":2,"minecraft:dirt":63,"minecraft:piglin_head":2,"man:cassette_1safetyinstructions":2,"minecraft:raw_copper":147,"minecraft:stone_shovel":2,"minecraft:rotten_flesh":3,"minecraft:wheat_seeds":2,"minecraft:stone_axe":2,"minecraft:stone_pickaxe":1,"minecraft:oak_planks":99,"minecraft:coal":31,"minecraft:cobblestone":83},"minecraft:used":{"minecraft:oak_log":46,"minecraft:stone_shovel":21,"minecraft:stone_pickaxe":85,"minecraft:oak_planks":12,"minecraft:wooden_pickaxe":6,"minecraft:stick":1,"minecraft:stone_axe":7,"minecraft:torch":16,"minecraft:cobblestone":24,"minecraft:crafting_table":3,"minecraft:porkchop":3,"minecraft:andesite":7,"dixtas_armory:stone_greatsword":64},"minecraft:killed":{"minecraft:pig":1,"undead_revamp2:thesmoker":1,"mowziesmobs:umvuthana_follower_raptor":2},"minecraft:custom":{"minecraft:time_since_rest":1267,"minecraft:sprint_one_cm":42874,"minecraft:damage_taken":785,"minecraft:walk_one_cm":74210,"minecraft:mob_kills":4,"minecraft:drop":5,"minecraft:damage_dealt":2627,"minecraft:interact_with_crafting_table":8,"minecraft:fly_one_cm":50407,"minecraft:crouch_one_cm":1915,"minecraft:play_time":50611,"minecraft:deaths":3,"minecraft:sneak_time":719,"minecraft:walk_under_water_one_cm":1180,"minecraft:damage_dealt_resisted":44,"minecraft:jump":368,"minecraft:leave_game":17,"minecraft:walk_on_water_one_cm":566,"minecraft:time_since_death":1235,"minecraft:total_world_time":50611,"minecraft:fall_one_cm":8736}},"DataVersion":3465}