{"stats":{"minecraft:dropped":{"minecraft:stone_pickaxe":1,"mowziesmobs:wrought_axe":1},"minecraft:picked_up":{"minecraft:stick":4,"minecraft:crafting_table":1,"minecraft:oak_log":5,"mowziesmobs:wrought_axe":1,"minecraft:coal":1,"minecraft:dirt":12,"minecraft:cobblestone":25},"minecraft:custom":{"minecraft:time_since_rest":31418,"minecraft:play_time":31418,"minecraft:crouch_one_cm":458,"minecraft:sprint_one_cm":2963,"minecraft:damage_taken":30,"minecraft:walk_one_cm":24150,"minecraft:sneak_time":228,"minecraft:drop":2,"minecraft:jump":53,"minecraft:damage_dealt":50,"minecraft:leave_game":16,"minecraft:time_since_death":31418,"minecraft:interact_with_crafting_table":8,"minecraft:total_world_time":31418,"minecraft:fly_one_cm":3278,"minecraft:fall_one_cm":1371},"minecraft:used":{"minecraft:crafting_table":3,"minecraft:stone_pickaxe":21,"minecraft:oak_planks":7,"minecraft:wooden_pickaxe":6},"minecraft:crafted":{"minecraft:oak_planks":82,"dixtas_armory:stone_greatsword":1,"minecraft:stone_shovel":1,"dixtas_armory:wooden_greatsword":1,"minecraft:torch":4,"minecraft:stone_axe":1,"minecraft:crafting_table":3,"minecraft:stick":14,"minecraft:wooden_pickaxe":1,"minecraft:stone_pickaxe":2},"minecraft:mined":{"minecraft:grass":1,"minecraft:grass_block":3,"minecraft:coal_ore":1,"minecraft:oak_log":5,"minecraft:dirt":9,"minecraft:stone":25,"minecraft:oak_leaves":9,"minecraft:crafting_table":1}},"DataVersion":3465}