{"stats":{"minecraft:killed_by":{"antlers:wendigo":1,"mowziesmobs:umvuthana_follower_raptor":1,"antlers:wendigomad":2},"minecraft:crafted":{"minecraft:oak_planks":82,"minecraft:stone_shovel":1,"minecraft:crafting_table":4,"minecraft:birch_boat":1,"minecraft:wooden_pickaxe":1,"dixtas_armory:stone_greatsword":1,"minecraft:birch_planks":16,"dixtas_armory:wooden_greatsword":1,"minecraft:stone_axe":1,"minecraft:stick":14,"minecraft:stone_pickaxe":2,"minecraft:white_bed":1,"minecraft:torch":32},"minecraft:dropped":{"minecraft:creeper_head":1,"minecraft:wheat_seeds":2,"dixtas_armory:wooden_greatsword":1,"supplementaries:enderman_head":1,"mowziesmobs:wrought_axe":1,"minecraft:zombie_head":1,"minecraft:stone_pickaxe":1},"minecraft:used":{"minecraft:birch_planks":2,"minecraft:stone_shovel":36,"minecraft:stone_pickaxe":93,"minecraft:oak_planks":12,"minecraft:birch_boat":1,"minecraft:wooden_pickaxe":6,"dixtas_armory:stone_twinblade":18,"minecraft:stick":6,"minecraft:torch":16,"minecraft:dirt":2,"minecraft:mutton":3,"minecraft:crafting_table":5,"minecraft:white_bed":1,"dixtas_armory:stone_greatsword":64,"minecraft:oak_log":46,"minecraft:stone_axe":15,"minecraft:cobblestone":24,"minecraft:porkchop":3,"minecraft:andesite":10},"minecraft:mined":{"quark:orange_blossom_leaves":4,"minecraft:crafting_table":3,"minecraft:torch":1,"minecraft:grass_block":13,"minecraft:cobblestone":5,"minecraft:copper_ore":15,"minecraft:oak_planks":4,"minecraft:wall_torch":2,"quark:hollow_birch_log":2,"minecraft:deepslate_brick_slab":1,"minecraft:coarse_dirt":1,"minecraft:birch_log":4,"minecraft:iron_ore":2,"minecraft:andesite":13,"minecraft:grass":24,"minecraft:oak_log":6,"supplementaries:stick":1,"minecraft:coal_ore":11,"minecraft:vine":1,"minecraft:dirt":37,"minecraft:stone":49,"minecraft:oak_leaves":13},"minecraft:picked_up":{"minecraft:birch_log":4,"minecraft:crafting_table":5,"minecraft:wheat":8,"minecraft:andesite":12,"minecraft:wooden_pickaxe":1,"minecraft:oak_log":678,"mowziesmobs:wrought_axe":1,"minecraft:dirt":70,"minecraft:raw_copper":147,"man:cassette_1safetyinstructions":2,"dixtas_armory:stone_greatsword":2,"minecraft:piglin_head":2,"minecraft:wheat_seeds":2,"minecraft:deepslate_brick_slab":1,"minecraft:stone_pickaxe":1,"minecraft:oak_planks":99,"supplementaries:enderman_head":1,"minecraft:stick":14,"minecraft:raw_iron":2,"minecraft:birch_boat":1,"minecraft:torch":3,"minecraft:porkchop":10,"minecraft:rotten_flesh":3,"minecraft:stone_shovel":2,"minecraft:stone_axe":2,"minecraft:mutton":5,"minecraft:coal":31,"minecraft:white_wool":4,"minecraft:cobblestone":83},"minecraft:killed":{"minecraft:pig":5,"undead_revamp2:thesmoker":1,"mowziesmobs:umvuthana_follower_raptor":2,"minecraft:sheep":4},"minecraft:custom":{"minecraft:mob_kills":12,"minecraft:interact_with_crafting_table":10,"minecraft:damage_dealt_resisted":44,"minecraft:leave_game":17,"minecraft:time_since_death":675,"minecraft:climb_one_cm":6,"minecraft:time_since_rest":703,"minecraft:sprint_one_cm":68472,"minecraft:damage_taken":1205,"minecraft:walk_one_cm":106077,"minecraft:drop":8,"minecraft:damage_dealt":3376,"minecraft:fly_one_cm":95202,"minecraft:crouch_one_cm":3830,"minecraft:play_time":68487,"minecraft:deaths":4,"minecraft:sneak_time":1294,"minecraft:walk_under_water_one_cm":1180,"minecraft:boat_one_cm":20,"minecraft:jump":572,"minecraft:walk_on_water_one_cm":1357,"minecraft:total_world_time":68487,"minecraft:fall_one_cm":10855}},"DataVersion":3465}