{"stats":{"minecraft:picked_up":{"minecraft:black_carpet":2,"minecraft:wheat":8,"create:light_blue_seat":1,"minecraft:lead":2,"minecraft:oak_stairs":1,"minecraft:wither_rose":1,"minecraft:potion":3,"minecraft:brain_coral_block":2,"minecraft:polished_deepslate":24,"minecraft:string":18,"minecraft:raw_copper":147,"minecraft:smooth_stone_slab":3,"minecraft:iron_leggings":1,"minecraft:oak_sign":10,"minecraft:smooth_stone":4,"minecraft:spruce_planks":1,"minecraft:horn_coral_block":1,"minecraft:azalea":3,"minecraft:calcite":4,"minecraft:iron_pickaxe":1,"sophisticatedbackpacks:netherite_backpack":1,"minecraft:mangrove_log":3,"supplementaries:enderman_head":1,"minecraft:stick":23,"minecraft:deepslate_brick_wall":5,"minecraft:torch":4,"minecraft:porkchop":10,"minecraft:golden_axe":2,"minecraft:rotten_flesh":49,"minecraft:polished_basalt":28,"supplementaries:ash":4,"minecraft:deepslate_brick_stairs":9,"minecraft:iron_bars":9,"undead_revamp2:arapholia":2,"minecraft:cobblestone":123,"minecraft:birch_log":22,"born_in_chaos_v1:staffof_magic_arrows":3,"minecraft:feather":14,"born_in_chaos_v1:spiritual_dust":7,"minecraft:andesite":15,"minecraft:wither_skeleton_skull":1,"minecraft:mangrove_slab":1,"minecraft:dirt":195,"minecraft:lantern":3,"minecraft:mangrove_fence":2,"minecraft:bone":22,"undead_revamp2:blacpetalblock":2,"minecraft:wheat_seeds":43,"minecraft:deepslate_brick_slab":22,"minecraft:moss_block":3,"born_in_chaos_v1:mint_candy":1,"minecraft:oak_planks":142,"minecraft:stripped_spruce_log":24,"minecraft:mossy_cobblestone":4,"born_in_chaos_v1:fire_dust":1,"minecraft:light_blue_terracotta":2,"minecraft:soul_lantern":1,"minecraft:spruce_sign":2,"minecraft:bread":213,"minecraft:oak_sapling":1,"minecraft:light_gray_carpet":1,"minecraft:dark_oak_fence":13,"minecraft:crafting_table":6,"minecraft:charcoal":8,"minecraft:coarse_dirt":1,"minecraft:stripped_warped_hyphae":1,"minecraft:chicken":2,"minecraft:ladder":5,"minecraft:wooden_pickaxe":1,"gravestone:obituary":12,"quark:light_blue_shard":2,"supplementaries:globe":1,"minecraft:moss_carpet":2,"minecraft:iron_axe":1,"supplementaries:statue":1,"born_in_chaos_v1:intoxicating_decoction":1,"dungeons_plus:warped_axe":1,"deeperdarker:warden_sword":1,"minecraft:cracked_stone_bricks":1,"minecraft:beef":7,"minecraft:poppy":1,"minecraft:lectern":1,"supplementaries:cage":1,"minecraft:birch_sapling":3,"minecraft:egg":1,"minecraft:raw_iron":2,"minecraft:copper_ingot":6,"sophisticatedbackpacks:backpack":4,"minecraft:spruce_fence":1,"quark:oak_leaf_carpet":1,"minecraft:mangrove_trapdoor":1,"mowziesmobs:umvuthana_mask_faith":27,"minecraft:tnt":14,"minecraft:stone_shovel":2,"minecraft:arrow":6,"minecraft:mutton":6,"minecraft:white_wool":4,"mowziesmobs:grant_suns_blessing":2,"born_in_chaos_v1:corpse_maggot":5,"born_in_chaos_v1:infernal_evil_pumpkin":3,"minecraft:dark_oak_button":1,"minecraft:leather":2,"minecraft:birch_planks":5,"minecraft:oak_log":691,"minecraft:yellow_bed":1,"mowziesmobs:wrought_axe":1,"man:cassette_1safetyinstructions":2,"dixtas_armory:stone_greatsword":2,"minecraft:piglin_head":2,"mowziesmobs:umvuthana_mask_rage":4,"minecraft:apple":1,"minecraft:gray_carpet":3,"minecraft:fire_coral_block":1,"minecraft:iron_ingot":3,"minecraft:stone_pickaxe":2,"mowziesmobs:umvuthana_mask_misery":1,"minecraft:iron_sword":1,"cctvcraft:raw_aluminum":23,"minecraft:book":57,"minecraft:birch_boat":1,"minecraft:pumpkin":3,"supplementaries:sack":5,"born_in_chaos_v1:orbofthe_summoner":3,"minecraft:dandelion":1,"minecraft:white_bed":2,"minecraft:spruce_log":8,"cctvcraft:aluminum_ingot":16,"minecraft:spider_eye":6,"minecraft:polished_diorite":5,"minecraft:stone_axe":2,"quark:hollow_birch_log":1,"mowziesmobs:umvuthana_mask_fear":2,"minecraft:coal":33},"minecraft:broken":{"mowziesmobs:umvuthana_mask_faith":1,"minecraft:iron_boots":1},"minecraft:custom":{"minecraft:interact_with_crafting_table":30,"minecraft:open_barrel":47,"minecraft:leave_game":25,"minecraft:time_since_death":90454,"minecraft:damage_resisted":367,"minecraft:sprint_one_cm":323931,"minecraft:damage_blocked_by_shield":2690,"minecraft:drop":231,"minecraft:talked_to_villager":2,"minecraft:play_time":406706,"minecraft:deaths":30,"minecraft:jump":3367,"minecraft:interact_with_brewingstand":2,"minecraft:walk_on_water_one_cm":41341,"minecraft:interact_with_furnace":2,"minecraft:sleep_in_bed":5,"minecraft:damage_dealt":19929,"minecraft:player_kills":3,"minecraft:crouch_one_cm":14137,"minecraft:mob_kills":143,"minecraft:interact_with_anvil":2,"minecraft:damage_dealt_resisted":3283,"minecraft:climb_one_cm":2131,"minecraft:walk_one_cm":651237,"minecraft:damage_dealt_absorbed":40,"minecraft:sneak_time":8928,"minecraft:walk_under_water_one_cm":94414,"minecraft:boat_one_cm":80,"minecraft:interact_with_lectern":4,"minecraft:total_world_time":406706,"spartanshields:shield_bash_hits":3,"minecraft:time_since_rest":90482,"minecraft:damage_taken":11823,"minecraft:damage_absorbed":80,"minecraft:trigger_trapped_chest":3,"minecraft:swim_one_cm":91904,"minecraft:fly_one_cm":870363,"minecraft:open_chest":35,"minecraft:fall_one_cm":92139},"minecraft:dropped":{"minecraft:iron_sword":2,"born_in_chaos_v1:mint_candy":2,"dungeons_plus:warped_axe":2,"minecraft:lantern":2,"deeperdarker:warden_sword":1,"minecraft:dark_oak_fence":1,"sophisticatedbackpacks:netherite_backpack":1,"gravestone:obituary":30,"minecraft:sugar":1,"minecraft:iron_pickaxe":1,"minecraft:bone":4,"minecraft:stone_axe":2,"minecraft:wheat":1,"minecraft:rotten_flesh":4,"minecraft:oak_planks":32,"supplementaries:enderman_head":1,"minecraft:melon_seeds":1,"minecraft:bread":227,"mowziesmobs:dart":220,"minecraft:wheat_seeds":26,"dixtas_armory:wooden_greatsword":1,"minecraft:mossy_cobblestone":3,"mowziesmobs:grant_suns_blessing":2,"minecraft:iron_helmet":1,"minecraft:cobblestone":4,"born_in_chaos_v1:orbofthe_summoner":2,"mowziesmobs:blowgun":1,"spartanshields:iron_basic_shield":2,"mowziesmobs:wrought_axe":1,"dixtas_armory:stone_twinblade":1,"minecraft:stick":3,"cctvcraft:aluminum_ingot":16,"minecraft:torch":4,"minecraft:zombie_head":1,"minecraft:potion":14,"minecraft:iron_leggings":1,"minecraft:iron_axe":2,"born_in_chaos_v1:staffof_magic_arrows":3,"minecraft:string":5,"minecraft:creeper_head":1,"minecraft:coarse_dirt":1,"minecraft:chicken":1,"minecraft:iron_boots":1,"sophisticatedbackpacks:backpack":5,"minecraft:name_tag":1,"born_in_chaos_v1:spiritual_dust":72,"minecraft:oak_sign":5,"minecraft:pumpkin_seeds":2,"minecraft:potato":1,"minecraft:brain_coral_block":1,"minecraft:diamond_chestplate":1,"mowziesmobs:umvuthana_mask_misery":1,"minecraft:iron_chestplate":1,"minecraft:fire_coral_block":1,"minecraft:spider_eye":2,"minecraft:stone_pickaxe":2},"minecraft:killed":{"endofherobrine:silverfish":6,"born_in_chaos_v1:mr_pumpkin":3,"born_in_chaos_v1:zombie_lumberjack":1,"minecraft:spider":8,"undead_revamp2:thesmoker":1,"minecraft:skeleton":5,"mowziesmobs:umvuthana_crane_player":1,"minecraft:chicken":2,"mowziesmobs:umvuthana_crane":17,"undead_revamp2:therod":2,"born_in_chaos_v1:supreme_bonescaller_stage_2":1,"born_in_chaos_v1:firelight_not_despawn":1,"minecraft:pig":6,"minecraft:creeper":1,"minecraft:sheep":4,"minecraft:zombie":2,"born_in_chaos_v1:corpse_fly":1,"born_in_chaos_v1:door_knight":1,"endofherobrine:pigman":1,"apollyon:the_damned":1,"minecraft:cow":4,"born_in_chaos_v1:zombie_clown_not_despawn":1,"born_in_chaos_v1:maggot":4,"minecraft:drowned":23,"undead_revamp2:sucker":1,"mowziesmobs:umvuthana":3,"born_in_chaos_v1:bone_imp_minion":4,"born_in_chaos_v1:baby_skeleton":1,"undead_revamp2:the_moonflower":4,"mowziesmobs:umvuthana_follower_raptor":2,"born_in_chaos_v1:decrepit_skeleton":4,"endofherobrine:sheep":8},"minecraft:used":{"minecraft:beetroot":4,"minecraft:iron_shovel":16,"deeperdarker:warden_boots":1,"minecraft:iron_sword":302,"dixtas_armory:stone_twinblade":135,"minecraft:iron_chestplate":1,"minecraft:mutton":5,"create:light_blue_toolbox":2,"born_in_chaos_v1:corpse_maggot":3,"born_in_chaos_v1:smoked_flesh":2,"minecraft:lava_bucket":10,"mowziesmobs:umvuthana_mask_faith":1,"minecraft:lantern":1,"born_in_chaos_v1:mint_candy":2,"spartanshields:iron_basic_shield":1514,"minecraft:written_book":2,"minecraft:egg":1,"minecraft:stone_pickaxe":139,"minecraft:oak_planks":211,"minecraft:wooden_pickaxe":6,"minecraft:golden_apple":2,"dungeons_plus:warped_axe":4,"born_in_chaos_v1:holiday_candy":5,"born_in_chaos_v1:infernal_evil_pumpkin":5,"born_in_chaos_v1:monster_flesh":1,"minecraft:melon_slice":3,"minecraft:bread":37,"deeperdarker:warden_sword":22,"born_in_chaos_v1:staffof_magic_arrows":1,"minecraft:andesite":12,"minecraft:birch_log":1,"minecraft:oak_boat":1,"minecraft:iron_bars":7,"deeperdarker:warden_chestplate":1,"minecraft:flint_and_steel":3,"minecraft:stone_shovel":51,"undead_revamp2:blacpetalblock":1,"minecraft:spruce_planks":4,"mowziesmobs:blowgun":27,"minecraft:stripped_birch_wood":2,"minecraft:stick":6,"minecraft:torch":19,"minecraft:dirt":20,"minecraft:anvil":2,"dixtas_armory:stone_greatsword":64,"minecraft:iron_axe":100,"minecraft:iron_boots":1,"minecraft:golden_carrot":1,"minecraft:beef":2,"undead_revamp2:arapholia":1,"minecraft:beetroot_soup":1,"minecraft:iron_leggings":1,"minecraft:water_bucket":1,"minecraft:birch_planks":6,"minecraft:glass_bottle":3,"minecraft:birch_boat":1,"born_in_chaos_v1:stimulating_decoction":1,"minecraft:tnt":60,"minecraft:crafting_table":9,"minecraft:white_bed":3,"born_in_chaos_v1:flaming_evil_pumpkin":1,"minecraft:oak_log":46,"minecraft:apple":2,"minecraft:iron_pickaxe":44,"born_in_chaos_v1:staffofthe_summoner":26,"born_in_chaos_v1:magical_holiday_candy":8,"supplementaries:rope":2,"mowziesmobs:sol_visage":1,"minecraft:stone_axe":15,"minecraft:cobblestone":86,"minecraft:potion":7,"minecraft:porkchop":10,"minecraft:bucket":8,"minecraft:yellow_bed":1,"deeperdarker:warden_leggings":1},"minecraft:crafted":{"minecraft:oak_planks":372,"minecraft:birch_boat":1,"spartanshields:iron_basic_shield":2,"minecraft:iron_boots":1,"minecraft:crafting_table":9,"minecraft:spruce_planks":28,"minecraft:wooden_pickaxe":1,"minecraft:iron_helmet":1,"dixtas_armory:stone_greatsword":1,"minecraft:birch_planks":16,"born_in_chaos_v1:staffofthe_summoner":1,"minecraft:iron_chestplate":1,"minecraft:stick":26,"minecraft:iron_ingot":41,"spartanshields:wooden_basic_shield":3,"minecraft:cherry_planks":4,"minecraft:stone_shovel":1,"dixtas_armory:wooden_greatsword":1,"minecraft:stone_pickaxe":2,"minecraft:stone_axe":1,"minecraft:iron_leggings":1,"minecraft:white_bed":1,"minecraft:torch":32},"minecraft:killed_by":{"born_in_chaos_v1:mr_pumpkin":3,"mowziesmobs:umvuthana_follower_raptor":1,"born_in_chaos_v1:bone_imp_minion":3,"undead_revamp2:clogger":1,"mowziesmobs:umvuthi":9,"mowziesmobs:umvuthana":1,"born_in_chaos_v1:supreme_bonescaller_stage_2":1,"antlers:wendigomad":2,"minecraft:player":1,"minecraft:spider":2,"minecraft:shulker":1,"antlers:wendigo":3},"minecraft:mined":{"undead_revamp2:arapholia":2,"minecraft:spruce_planks":1,"minecraft:white_bed":2,"quark:orange_blossom_leaves":4,"quark:oak_leaf_carpet":1,"cctvcraft:aluminum_ore":16,"minecraft:grass_block":26,"minecraft:mangrove_fence":2,"quark:acacia_bookshelf":2,"minecraft:stripped_warped_hyphae":1,"minecraft:spawner":4,"minecraft:light_blue_stained_glass":1,"quark:hollow_birch_log":2,"minecraft:iron_ore":2,"minecraft:fire":1,"minecraft:pumpkin":3,"minecraft:black_carpet":3,"supplementaries:globe":1,"supplementaries:stick":1,"minecraft:cave_vines":1,"minecraft:iron_bars":11,"quark:blossom_bookshelf":4,"minecraft:torch":1,"minecraft:poppy":1,"minecraft:cobblestone":28,"minecraft:oak_planks":21,"minecraft:wall_torch":2,"minecraft:birch_log":6,"born_in_chaos_v1:fired_black_argillite":1,"minecraft:tnt":14,"minecraft:grass":198,"minecraft:oak_log":19,"minecraft:dirt":63,"structure_gel:dynamic_spawner":2,"minecraft:wither_skeleton_skull":1,"minecraft:oak_leaves":16,"minecraft:mossy_cobblestone":6,"gravestone:gravestone":22,"minecraft:dark_oak_fence":2,"born_in_chaos_v1:flaming_evil_pumpkin":1,"born_in_chaos_v1:infernal_evil_pumpkin":4,"minecraft:deepslate_brick_slab":1,"minecraft:potted_dark_oak_sapling":1,"minecraft:andesite":13,"minecraft:stripped_spruce_log":25,"minecraft:bookshelf":6,"minecraft:vine":1,"minecraft:stone":53,"minecraft:brain_coral":1,"supplementaries:statue":1,"quark:spruce_bookshelf":5,"minecraft:crafting_table":5,"supplementaries:sack":5,"minecraft:tall_grass":32,"minecraft:copper_ore":15,"endofherobrine:mossy_stone_bricks":3,"minecraft:diorite":1,"supplementaries:cage":1,"supplementaries:urn":2,"minecraft:birch_planks":1,"minecraft:coarse_dirt":4,"antlers:sheep_corpse":3,"minecraft:birch_leaves":2,"minecraft:yellow_bed":1,"minecraft:coal_ore":11,"minecraft:gray_carpet":2,"minecraft:cracked_stone_bricks":2,"minecraft:polished_andesite":1,"create:light_blue_seat":1,"minecraft:fern":21}},"DataVersion":3465}