{"stats":{"minecraft:picked_up":{"minecraft:wheat":10,"minecraft:black_carpet":2,"create:light_blue_seat":1,"minecraft:lead":7,"minecraft:diamond_sword":2,"born_in_chaos_v1:black_argillite_brick_wall":1,"minecraft:oak_stairs":1,"minecraft:wither_rose":1,"minecraft:potion":7,"minecraft:brain_coral_block":2,"supplementaries:jar":1,"minecraft:polished_deepslate":24,"minecraft:string":36,"minecraft:raw_copper":154,"minecraft:smooth_stone_slab":3,"minecraft:iron_leggings":1,"minecraft:oak_sign":10,"minecraft:smooth_stone":4,"minecraft:spruce_planks":1,"minecraft:horn_coral_block":1,"minecraft:written_book":4,"minecraft:calcite":4,"minecraft:azalea":3,"minecraft:iron_pickaxe":2,"sophisticatedbackpacks:netherite_backpack":1,"minecraft:mangrove_log":3,"minecraft:spruce_pressure_plate":7,"supplementaries:enderman_head":1,"minecraft:stick":23,"create:raw_zinc_block":1,"born_in_chaos_v1:shattered_skull":1,"minecraft:deepslate_brick_wall":5,"minecraft:oak_fence":4,"quark:azalea_leaf_carpet":1,"born_in_chaos_v1:pileof_dark_metal":1,"minecraft:torch":8,"create:andesite_casing":1,"supplementaries:bamboo_spikes_tipped":10,"minecraft:porkchop":10,"minecraft:golden_axe":2,"create:large_cogwheel":4,"quark:ancient_tome":1,"minecraft:rotten_flesh":58,"born_in_chaos_v1:magical_holiday_candy":2,"minecraft:polished_basalt":34,"supplementaries:antique_ink":1,"minecraft:iron_block":3,"minecraft:carved_pumpkin":1,"supplementaries:ash":18,"minecraft:deepslate_brick_stairs":9,"minecraft:iron_bars":9,"undead_revamp2:arapholia":2,"minecraft:cobblestone":125,"minecraft:birch_log":22,"minecraft:enchanting_table":1,"born_in_chaos_v1:staffof_magic_arrows":5,"minecraft:feather":14,"born_in_chaos_v1:spiritual_dust":11,"supplementaries:candy":1,"minecraft:andesite":15,"minecraft:copper_block":5,"supplementaries:item_shelf":5,"minecraft:stripped_spruce_wood":3,"create:raw_zinc":5,"quark:glowberry_sack":1,"minecraft:wither_skeleton_skull":1,"minecraft:stripped_birch_log":1,"minecraft:mangrove_slab":1,"minecraft:dirt":314,"minecraft:lantern":3,"born_in_chaos_v1:staffofthe_summoner":2,"minecraft:mangrove_fence":2,"minecraft:bone":35,"minecraft:acacia_planks":11,"undead_revamp2:blacpetalblock":2,"minecraft:wheat_seeds":60,"minecraft:deepslate_brick_slab":22,"create:mechanical_drill":15,"minecraft:bell":1,"minecraft:moss_block":3,"minecraft:oak_planks":212,"born_in_chaos_v1:mint_candy":1,"quark:azalea_wood":2,"create:cuckoo_clock":1,"minecraft:stripped_spruce_log":24,"minecraft:diamond_block":2,"minecraft:mossy_cobblestone":5,"supplementaries:bamboo_spikes":26,"minecraft:light_blue_terracotta":2,"born_in_chaos_v1:fire_dust":1,"minecraft:soul_lantern":1,"minecraft:spruce_sign":5,"minecraft:bread":213,"born_in_chaos_v1:rotten_fish":5,"minecraft:oak_sapling":1,"minecraft:light_gray_carpet":1,"minecraft:dark_oak_fence":29,"minecraft:andesite_slab":2,"minecraft:charcoal":8,"create:copper_sheet":1,"minecraft:coarse_dirt":1,"minecraft:crafting_table":7,"born_in_chaos_v1:diamond_termite_shard":1,"minecraft:stripped_warped_hyphae":1,"minecraft:chicken":2,"minecraft:ladder":5,"minecraft:wooden_pickaxe":1,"minecraft:diamond_horse_armor":3,"gravestone:obituary":20,"quark:light_blue_shard":2,"minecraft:moss_carpet":2,"supplementaries:globe":1,"minecraft:iron_axe":2,"born_in_chaos_v1:intoxicating_decoction":1,"supplementaries:statue":1,"dungeons_plus:warped_axe":2,"minecraft:cracked_stone_bricks":1,"deeperdarker:warden_sword":1,"minecraft:beef":7,"minecraft:poppy":1,"minecraft:lectern":1,"supplementaries:cage":1,"minecraft:birch_sapling":3,"minecraft:egg":3,"minecraft:raw_copper_block":3,"minecraft:raw_iron":2,"minecraft:polished_deepslate_slab":2,"minecraft:copper_ingot":6,"sophisticatedbackpacks:backpack":6,"minecraft:spruce_fence":4,"create:rose_quartz_block":4,"born_in_chaos_v1:pieceofdarkmetal":2,"supplementaries:key":1,"minecraft:carrot":2,"minecraft:mangrove_trapdoor":1,"quark:oak_leaf_carpet":1,"minecraft:iron_horse_armor":1,"mowziesmobs:umvuthana_mask_faith":27,"minecraft:tnt":14,"minecraft:arrow":33,"minecraft:stone_shovel":2,"minecraft:hay_block":2,"minecraft:saddle":3,"create:zinc_block":3,"born_in_chaos_v1:spiny_shell":17,"minecraft:mutton":6,"minecraft:white_wool":4,"mowziesmobs:grant_suns_blessing":3,"born_in_chaos_v1:corpse_maggot":5,"born_in_chaos_v1:infernal_evil_pumpkin":3,"minecraft:dark_oak_button":1,"minecraft:leather":4,"minecraft:birch_planks":5,"minecraft:filled_map":4,"quark:rusty_iron_plate":1,"create:brass_block":3,"minecraft:oak_log":691,"minecraft:yellow_bed":1,"mowziesmobs:wrought_axe":1,"create:copper_nugget":8,"minecraft:blue_bed":4,"dixtas_armory:stone_greatsword":2,"create:item_vault":2,"man:cassette_1safetyinstructions":2,"quark:forgotten_hat":6,"create:copper_ladder":1,"minecraft:piglin_head":2,"minecraft:gray_carpet":3,"minecraft:apple":5,"mowziesmobs:umvuthana_mask_rage":4,"minecraft:fire_coral_block":1,"supplementaries:bellows":1,"minecraft:rabbit_hide":6,"minecraft:iron_ingot":3,"minecraft:stone_pickaxe":2,"minecraft:glass_bottle":2,"minecraft:polished_andesite_slab":6,"minecraft:iron_sword":1,"mowziesmobs:umvuthana_mask_misery":1,"cctvcraft:raw_aluminum":23,"minecraft:book":57,"quark:vertical_oak_planks":1,"minecraft:birch_boat":1,"minecraft:pumpkin":3,"supplementaries:sack":5,"born_in_chaos_v1:orbofthe_summoner":4,"born_in_chaos_v1:ethereal_spirit":1,"minecraft:quartz":9,"minecraft:dandelion":1,"minecraft:raw_iron_block":5,"minecraft:white_bed":2,"minecraft:spruce_log":8,"minecraft:spider_eye":11,"cctvcraft:aluminum_ingot":16,"create:gearbox":3,"supplementaries:clock_block":1,"minecraft:polished_diorite":5,"minecraft:stone_axe":2,"create:encased_fan":18,"create:crushed_raw_copper":1,"quark:hollow_birch_log":1,"mowziesmobs:umvuthana_mask_fear":2,"minecraft:dark_oak_wood":2,"minecraft:coal":33,"create:andesite_ladder":6},"minecraft:broken":{"mowziesmobs:umvuthana_mask_faith":1,"minecraft:iron_boots":1,"minecraft:iron_leggings":1},"minecraft:custom":{"minecraft:interact_with_crafting_table":50,"minecraft:open_barrel":88,"minecraft:leave_game":27,"minecraft:time_since_death":96577,"minecraft:damage_resisted":1150,"minecraft:sprint_one_cm":476228,"minecraft:damage_blocked_by_shield":2850,"minecraft:drop":1342,"minecraft:talked_to_villager":4,"minecraft:play_time":590344,"minecraft:deaths":34,"minecraft:interact_with_brewingstand":3,"minecraft:jump":5036,"minecraft:walk_on_water_one_cm":44520,"minecraft:interact_with_furnace":5,"minecraft:sleep_in_bed":8,"minecraft:damage_dealt":24667,"minecraft:player_kills":15,"minecraft:crouch_one_cm":24391,"minecraft:inspect_dispenser":1,"minecraft:horse_one_cm":11207,"minecraft:interact_with_anvil":2,"minecraft:mob_kills":283,"minecraft:damage_dealt_resisted":5641,"minecraft:climb_one_cm":26233,"minecraft:walk_one_cm":1002785,"minecraft:damage_dealt_absorbed":40,"minecraft:sneak_time":13921,"minecraft:walk_under_water_one_cm":96169,"minecraft:interact_with_lectern":4,"minecraft:boat_one_cm":80,"minecraft:total_world_time":590344,"spartanshields:shield_bash_hits":5,"minecraft:tune_noteblock":4,"minecraft:time_since_rest":10210,"minecraft:damage_absorbed":1347,"minecraft:damage_taken":16670,"minecraft:trigger_trapped_chest":8,"minecraft:swim_one_cm":96576,"minecraft:fly_one_cm":1319768,"minecraft:open_chest":73,"minecraft:fall_one_cm":150794},"minecraft:dropped":{"minecraft:spruce_sign":2,"minecraft:iron_sword":3,"minecraft:moss_block":3,"minecraft:brown_mushroom":23,"born_in_chaos_v1:mint_candy":2,"dungeons_plus:warped_axe":5,"minecraft:warped_fungus":1,"minecraft:glass_bottle":4,"quark:vertical_oak_planks":2,"minecraft:crossbow":1,"create:copper_nugget":7,"minecraft:warped_roots":6,"minecraft:lantern":2,"supplementaries:slingshot":1,"create:cogwheel":16,"supplementaries:bellows":1,"minecraft:leather":7,"minecraft:saddle":2,"deeperdarker:warden_sword":1,"minecraft:rail":20,"minecraft:leather_helmet":1,"minecraft:red_mushroom":3,"born_in_chaos_v1:monster_flesh":5,"minecraft:stripped_warped_hyphae":1,"minecraft:dirt":179,"minecraft:dark_oak_log":3,"minecraft:dark_oak_fence":29,"minecraft:dark_oak_wood":2,"sophisticatedbackpacks:netherite_backpack":1,"born_in_chaos_v1:black_argillite_brick_wall":1,"minecraft:chain":10,"gravestone:obituary":46,"sophisticatedbackpacks:battery_upgrade":1,"create:large_cogwheel":12,"minecraft:sugar":1,"minecraft:iron_pickaxe":3,"minecraft:birch_log":8,"minecraft:bone":7,"minecraft:stone_axe":2,"minecraft:polished_andesite_slab":6,"minecraft:black_carpet":2,"minecraft:andesite_slab":2,"minecraft:birch_sapling":1,"minecraft:wheat":56,"minecraft:soul_lantern":1,"undead_revamp2:arapholia":1,"minecraft:deepslate_brick_slab":21,"minecraft:rotten_flesh":42,"minecraft:oak_planks":465,"minecraft:enchanted_golden_apple":1,"supplementaries:enderman_head":1,"minecraft:carrot":3,"sophisticatedbackpacks:diamond_backpack":1,"supplementaries:antique_ink":1,"minecraft:poppy":1,"minecraft:rabbit_hide":6,"supplementaries:ash":16,"create:encased_fan":18,"minecraft:mangrove_log":2,"minecraft:gunpowder":10,"minecraft:charcoal":8,"create:gearbox":10,"minecraft:spruce_pressure_plate":7,"minecraft:melon_seeds":5,"supplementaries:item_shelf":5,"minecraft:azalea":3,"minecraft:ladder":5,"quark:forgotten_hat":5,"minecraft:iron_bars":1,"minecraft:arrow":87,"minecraft:quartz":18,"minecraft:written_book":4,"minecraft:egg":1,"minecraft:bread":227,"mowziesmobs:dart":220,"minecraft:wheat_seeds":73,"supplementaries:bamboo_spikes":26,"create:copper_ladder":7,"dixtas_armory:wooden_greatsword":1,"minecraft:mossy_cobblestone":3,"minecraft:deepslate_brick_wall":5,"mowziesmobs:grant_suns_blessing":3,"minecraft:oak_fence":1,"minecraft:horn_coral_block":1,"minecraft:lead":2,"minecraft:iron_helmet":3,"minecraft:cobblestone":4,"mowziesmobs:blowgun":2,"quark:abacus":1,"born_in_chaos_v1:orbofthe_summoner":2,"born_in_chaos_v1:magical_holiday_candy":2,"minecraft:spectral_arrow":3,"quark:azalea_wood":1,"minecraft:copper_ingot":1,"spartanshields:iron_basic_shield":2,"minecraft:coal":8,"mowziesmobs:wrought_axe":1,"dixtas_armory:stone_twinblade":1,"minecraft:stick":10,"minecraft:pufferfish":1,"minecraft:cobweb":12,"minecraft:diamond_horse_armor":1,"cctvcraft:aluminum_ingot":16,"minecraft:deepslate_brick_stairs":9,"create:andesite_ladder":17,"create:raw_zinc_block":1,"minecraft:golden_carrot":3,"minecraft:torch":36,"born_in_chaos_v1:staffofthe_summoner":2,"minecraft:rose_bush":1,"quark:glowberry_sack":1,"minecraft:zombie_head":2,"minecraft:potion":19,"minecraft:iron_leggings":2,"minecraft:iron_axe":2,"minecraft:polished_basalt":34,"born_in_chaos_v1:staffof_magic_arrows":4,"minecraft:smooth_stone":4,"minecraft:paper":3,"minecraft:string":16,"create:mechanical_drill":15,"minecraft:tripwire_hook":5,"minecraft:gray_carpet":3,"minecraft:redstone":1,"minecraft:polished_diorite":5,"minecraft:creeper_head":1,"create:shaft":18,"create:zinc_block":3,"minecraft:coarse_dirt":1,"minecraft:smooth_stone_slab":1,"create:linked_controller":1,"born_in_chaos_v1:rotten_fish":5,"minecraft:chicken":1,"minecraft:polished_deepslate_slab":2,"spartanshields:diamond_basic_shield":1,"minecraft:iron_boots":2,"quark:azalea_leaf_carpet":1,"sophisticatedbackpacks:backpack":8,"minecraft:name_tag":1,"born_in_chaos_v1:spiritual_dust":72,"quark:light_blue_shard":2,"minecraft:oak_sign":10,"minecraft:spruce_fence":3,"minecraft:pumpkin_seeds":2,"supplementaries:bamboo_spikes_tipped":10,"create:rose_quartz_block":4,"minecraft:filled_map":5,"minecraft:diamond_sword":2,"minecraft:potato":1,"create:item_vault":2,"minecraft:hay_block":2,"minecraft:brain_coral_block":1,"minecraft:diamond_chestplate":1,"mowziesmobs:umvuthana_mask_misery":1,"minecraft:iron_chestplate":3,"minecraft:oak_boat":1,"minecraft:oak_sapling":1,"minecraft:fire_coral_block":1,"minecraft:spider_eye":10,"minecraft:blue_orchid":2,"minecraft:stone_pickaxe":2,"quark:rusty_iron_plate":1,"minecraft:bell":1,"minecraft:calcite":4,"minecraft:nautilus_shell":1,"minecraft:stripped_spruce_wood":3,"supplementaries:candy":1},"minecraft:killed":{"endofherobrine:silverfish":6,"minecraft:cave_spider":4,"born_in_chaos_v1:mr_pumpkin":3,"minecraft:witch":3,"born_in_chaos_v1:zombie_lumberjack":1,"born_in_chaos_v1:pumpkin_spirit":1,"minecraft:spider":16,"undead_revamp2:thesmoker":1,"born_in_chaos_v1:baby_skeleton_minion":1,"quark:forgotten":4,"minecraft:skeleton":6,"mowziesmobs:umvuthana_crane_player":2,"minecraft:chicken":2,"mowziesmobs:umvuthana_crane":17,"undead_revamp2:therod":2,"born_in_chaos_v1:supreme_bonescaller_stage_2":2,"born_in_chaos_v1:firelight_not_despawn":1,"minecraft:pig":6,"born_in_chaos_v1:diamond_termite":1,"minecraft:creeper":1,"minecraft:sheep":4,"minecraft:zombie":20,"minecraft:stray":1,"born_in_chaos_v1:corpse_fly":1,"born_in_chaos_v1:door_knight":1,"endofherobrine:pigman":1,"apollyon:the_damned":1,"minecraft:cow":4,"minecraft:vex":2,"born_in_chaos_v1:zombie_clown_not_despawn":1,"born_in_chaos_v1:thornshell_crab":5,"born_in_chaos_v1:maggot":6,"minecraft:drowned":23,"undead_revamp2:sucker":1,"mowziesmobs:umvuthana":3,"graveyard:ghoul":1,"born_in_chaos_v1:bone_imp_minion":11,"born_in_chaos_v1:baby_skeleton":1,"undead_revamp2:the_moonflower":4,"mowziesmobs:umvuthana_follower_raptor":2,"born_in_chaos_v1:decrepit_skeleton":4,"undead_revamp2:thesomnolence":1,"born_in_chaos_v1:bonescaller_not_despawn":1,"endofherobrine:sheep":8},"minecraft:used":{"minecraft:beetroot":4,"minecraft:iron_shovel":51,"minecraft:polished_deepslate":24,"deeperdarker:warden_boots":1,"minecraft:iron_sword":323,"dixtas_armory:stone_twinblade":135,"minecraft:iron_chestplate":2,"minecraft:mutton":5,"minecraft:carrot":2,"graveyard:cobblestone_gravestone":2,"create:light_blue_toolbox":2,"born_in_chaos_v1:corpse_maggot":3,"born_in_chaos_v1:smoked_flesh":2,"minecraft:lava_bucket":10,"minecraft:mangrove_log":1,"mowziesmobs:umvuthana_mask_faith":1,"minecraft:lantern":1,"born_in_chaos_v1:mint_candy":2,"minecraft:written_book":2,"quark:rusty_iron_plate":1,"supplementaries:ash":1,"spartanshields:iron_basic_shield":1520,"minecraft:egg":2,"minecraft:stripped_spruce_wood":1,"minecraft:stone_pickaxe":139,"minecraft:oak_planks":379,"minecraft:wooden_pickaxe":6,"minecraft:blue_bed":4,"minecraft:golden_apple":2,"dungeons_plus:warped_axe":4,"spartanshields:diamond_basic_shield":1,"born_in_chaos_v1:holiday_candy":5,"quark:azalea_wood":1,"quark:vertical_oak_planks":11,"born_in_chaos_v1:infernal_evil_pumpkin":5,"born_in_chaos_v1:monster_flesh":1,"minecraft:melon_slice":3,"minecraft:bread":41,"deeperdarker:warden_sword":22,"born_in_chaos_v1:staffof_magic_arrows":5,"create:andesite_casing":1,"minecraft:diamond_sword":54,"minecraft:andesite":12,"minecraft:oak_boat":1,"minecraft:birch_log":1,"minecraft:experience_bottle":1,"minecraft:oak_fence":2,"minecraft:iron_bars":7,"deeperdarker:warden_chestplate":1,"minecraft:flint_and_steel":3,"minecraft:stone_shovel":51,"undead_revamp2:blacpetalblock":1,"minecraft:spruce_planks":9,"mowziesmobs:blowgun":27,"minecraft:stick":6,"minecraft:torch":162,"minecraft:stripped_birch_wood":2,"minecraft:dirt":40,"minecraft:anvil":2,"dixtas_armory:stone_greatsword":64,"minecraft:iron_axe":185,"minecraft:iron_boots":1,"create:brown_toolbox":1,"minecraft:golden_carrot":1,"minecraft:beef":2,"undead_revamp2:arapholia":1,"minecraft:acacia_planks":5,"minecraft:enchanted_golden_apple":11,"gravestone:gravestone":2,"minecraft:beetroot_soup":1,"minecraft:iron_leggings":1,"minecraft:water_bucket":1,"minecraft:birch_planks":10,"minecraft:glass_bottle":3,"minecraft:birch_boat":1,"born_in_chaos_v1:stimulating_decoction":1,"minecraft:mossy_cobblestone":1,"minecraft:tnt":60,"minecraft:crafting_table":11,"minecraft:white_bed":3,"born_in_chaos_v1:flaming_evil_pumpkin":1,"minecraft:oak_log":46,"minecraft:apple":2,"create:andesite_ladder":1,"minecraft:iron_pickaxe":163,"born_in_chaos_v1:staffofthe_summoner":44,"born_in_chaos_v1:magical_holiday_candy":50,"supplementaries:rope":2,"mowziesmobs:sol_visage":1,"minecraft:stone_axe":15,"minecraft:porkchop":10,"minecraft:potion":8,"minecraft:cobblestone":90,"minecraft:bucket":8,"minecraft:yellow_bed":1,"quark:oak_chest":2,"deeperdarker:warden_leggings":1},"minecraft:crafted":{"graveyard:cobblestone_gravestone":2,"minecraft:oak_planks":912,"minecraft:birch_boat":1,"born_in_chaos_v1:spiny_shell_armor_chestplate":1,"spartanshields:iron_basic_shield":2,"minecraft:iron_boots":3,"sophisticatedbackpacks:copper_backpack":1,"gravestone:gravestone":2,"minecraft:crafting_table":9,"minecraft:spruce_planks":28,"minecraft:wooden_pickaxe":1,"minecraft:iron_helmet":3,"dixtas_armory:stone_greatsword":1,"minecraft:copper_ingot":9,"minecraft:birch_planks":20,"born_in_chaos_v1:staffofthe_summoner":1,"minecraft:iron_chestplate":2,"quark:oak_chest":2,"sophisticatedbackpacks:diamond_backpack":1,"minecraft:stick":30,"minecraft:iron_ingot":41,"spartanshields:wooden_basic_shield":4,"minecraft:cherry_planks":4,"minecraft:stone_shovel":1,"dixtas_armory:wooden_greatsword":1,"spartanshields:diamond_basic_shield":2,"minecraft:stone_pickaxe":2,"sophisticatedbackpacks:iron_backpack":1,"minecraft:diamond_sword":1,"sophisticatedbackpacks:gold_backpack":1,"minecraft:stone_axe":1,"minecraft:iron_shovel":1,"minecraft:iron_leggings":3,"minecraft:white_bed":1,"minecraft:torch":32},"minecraft:killed_by":{"born_in_chaos_v1:mr_pumpkin":3,"mowziesmobs:umvuthana_follower_raptor":1,"quark:forgotten":3,"born_in_chaos_v1:bone_imp_minion":3,"undead_revamp2:clogger":1,"mowziesmobs:umvuthi":9,"mowziesmobs:umvuthana":1,"minecraft:zombie":1,"born_in_chaos_v1:supreme_bonescaller_stage_2":1,"antlers:wendigomad":2,"minecraft:player":1,"minecraft:spider":2,"minecraft:shulker":1,"antlers:wendigo":3},"minecraft:mined":{"undead_revamp2:arapholia":2,"create:deepslate_zinc_ore":5,"minecraft:spruce_planks":1,"minecraft:white_bed":2,"quark:orange_blossom_leaves":4,"create:andesite_casing":3,"quark:oak_leaf_carpet":1,"born_in_chaos_v1:dark_metal_deposit":2,"cctvcraft:aluminum_ore":16,"minecraft:grass_block":51,"minecraft:mangrove_fence":2,"create:item_vault":2,"minecraft:stripped_warped_hyphae":1,"quark:acacia_bookshelf":2,"quark:hollow_birch_log":2,"minecraft:spawner":15,"minecraft:light_blue_stained_glass":1,"minecraft:raw_iron_block":5,"minecraft:iron_ore":2,"minecraft:fire":1,"quark:glowberry_sack":1,"minecraft:pumpkin":3,"minecraft:black_carpet":3,"supplementaries:globe":1,"quark:azalea_wood":2,"minecraft:enchanting_table":1,"supplementaries:stick":1,"minecraft:cave_vines":1,"minecraft:polished_deepslate_slab":1,"minecraft:dirt_path":1,"minecraft:iron_bars":11,"minecraft:spruce_pressure_plate":5,"supplementaries:jar":1,"minecraft:iron_block":3,"create:cogwheel":2,"quark:blossom_bookshelf":4,"minecraft:torch":1,"minecraft:dark_oak_wood":1,"minecraft:poppy":1,"minecraft:spruce_wall_sign":2,"minecraft:cobblestone":30,"minecraft:oak_planks":23,"minecraft:wall_torch":3,"create:cuckoo_clock":1,"supplementaries:hourglass":1,"minecraft:birch_log":6,"minecraft:wheat":3,"born_in_chaos_v1:fired_black_argillite":1,"supplementaries:flint_block":1,"minecraft:tnt":14,"create:zinc_block":3,"minecraft:copper_block":5,"minecraft:grass":237,"minecraft:oak_log":19,"minecraft:dirt":70,"structure_gel:dynamic_spawner":2,"minecraft:raw_copper_block":3,"minecraft:wither_skeleton_skull":1,"create:raw_zinc_block":1,"minecraft:oak_leaves":18,"supplementaries:clock_block":1,"minecraft:mossy_cobblestone":8,"minecraft:stripped_birch_log":1,"born_in_chaos_v1:black_argillite_brick_wall":1,"born_in_chaos_v1:infected_diamond_ore":1,"minecraft:cobbled_deepslate_slab":2,"gravestone:gravestone":25,"minecraft:dark_oak_fence":4,"minecraft:spruce_fence":3,"create:large_cogwheel":1,"born_in_chaos_v1:infernal_evil_pumpkin":4,"create:encased_fan":25,"born_in_chaos_v1:flaming_evil_pumpkin":1,"minecraft:polished_andesite_slab":3,"minecraft:large_fern":1,"minecraft:deepslate_brick_slab":1,"minecraft:dead_brain_coral":1,"minecraft:potted_dark_oak_sapling":1,"quark:azalea_leaf_carpet":1,"supplementaries:bamboo_spikes":19,"minecraft:andesite":13,"minecraft:stripped_spruce_log":25,"minecraft:diamond_block":2,"supplementaries:bellows":1,"minecraft:bookshelf":6,"minecraft:vine":1,"minecraft:stone":53,"minecraft:brain_coral":1,"supplementaries:statue":1,"born_in_chaos_v1:marigolds":1,"minecraft:oak_fence":4,"quark:spruce_bookshelf":5,"minecraft:crafting_table":6,"supplementaries:item_shelf":4,"minecraft:andesite_slab":1,"supplementaries:sack":5,"minecraft:copper_ore":15,"minecraft:tall_grass":46,"create:rose_quartz_block":4,"endofherobrine:mossy_stone_bricks":3,"minecraft:diorite":1,"minecraft:blue_bed":5,"supplementaries:cage":1,"supplementaries:urn":4,"minecraft:birch_planks":1,"minecraft:coarse_dirt":4,"antlers:sheep_corpse":3,"create:gearbox":2,"minecraft:birch_leaves":2,"minecraft:yellow_bed":1,"create:mechanical_drill":12,"quark:rusty_iron_plate":1,"minecraft:coal_ore":11,"minecraft:gray_carpet":2,"minecraft:cobweb":8,"minecraft:cracked_stone_bricks":2,"create:brass_block":3,"minecraft:polished_andesite":1,"create:light_blue_seat":1,"minecraft:fern":21}},"DataVersion":3465}