{"stats":{"minecraft:dropped":{"mowziesmobs:wrought_axe":1},"minecraft:picked_up":{"minecraft:stick":4,"minecraft:oak_log":5,"mowziesmobs:wrought_axe":1},"minecraft:custom":{"minecraft:jump":1,"minecraft:time_since_rest":5111,"minecraft:play_time":5111,"minecraft:time_since_death":5111,"minecraft:walk_one_cm":5456,"minecraft:total_world_time":5111,"minecraft:drop":1,"minecraft:interact_with_crafting_table":1,"minecraft:fall_one_cm":269},"minecraft:used":{"minecraft:crafting_table":1},"minecraft:crafted":{"minecraft:crafting_table":1,"minecraft:oak_planks":18,"minecraft:stick":14,"minecraft:wooden_pickaxe":1},"minecraft:mined":{"minecraft:oak_log":5,"minecraft:oak_leaves":9}},"DataVersion":3465}