{"stats":{"minecraft:picked_up":{"minecraft:black_carpet":2,"minecraft:wheat":10,"create:light_blue_seat":1,"minecraft:lead":2,"minecraft:oak_stairs":1,"minecraft:wither_rose":1,"minecraft:potion":7,"minecraft:brain_coral_block":2,"minecraft:polished_deepslate":24,"minecraft:string":34,"minecraft:raw_copper":147,"minecraft:smooth_stone_slab":3,"minecraft:iron_leggings":1,"minecraft:oak_sign":10,"minecraft:smooth_stone":4,"minecraft:spruce_planks":1,"minecraft:horn_coral_block":1,"minecraft:azalea":3,"minecraft:calcite":4,"minecraft:iron_pickaxe":2,"sophisticatedbackpacks:netherite_backpack":1,"minecraft:mangrove_log":3,"minecraft:spruce_pressure_plate":7,"supplementaries:enderman_head":1,"minecraft:stick":23,"minecraft:deepslate_brick_wall":5,"create:andesite_casing":1,"minecraft:torch":5,"supplementaries:bamboo_spikes_tipped":8,"minecraft:porkchop":10,"minecraft:golden_axe":2,"create:large_cogwheel":4,"minecraft:rotten_flesh":55,"born_in_chaos_v1:magical_holiday_candy":2,"supplementaries:antique_ink":1,"minecraft:polished_basalt":28,"minecraft:carved_pumpkin":1,"supplementaries:ash":8,"minecraft:deepslate_brick_stairs":9,"minecraft:iron_bars":9,"undead_revamp2:arapholia":2,"minecraft:cobblestone":123,"minecraft:birch_log":22,"minecraft:enchanting_table":1,"born_in_chaos_v1:staffof_magic_arrows":3,"minecraft:feather":14,"born_in_chaos_v1:spiritual_dust":7,"supplementaries:candy":1,"minecraft:andesite":15,"supplementaries:item_shelf":5,"minecraft:stripped_spruce_wood":3,"quark:glowberry_sack":1,"minecraft:wither_skeleton_skull":1,"minecraft:stripped_birch_log":1,"minecraft:mangrove_slab":1,"minecraft:dirt":281,"minecraft:lantern":3,"born_in_chaos_v1:staffofthe_summoner":2,"minecraft:mangrove_fence":2,"minecraft:bone":30,"minecraft:acacia_planks":11,"undead_revamp2:blacpetalblock":2,"minecraft:wheat_seeds":58,"minecraft:deepslate_brick_slab":22,"create:mechanical_drill":10,"minecraft:bell":1,"minecraft:moss_block":3,"born_in_chaos_v1:mint_candy":1,"minecraft:oak_planks":147,"create:cuckoo_clock":1,"minecraft:stripped_spruce_log":24,"minecraft:mossy_cobblestone":5,"supplementaries:bamboo_spikes":23,"born_in_chaos_v1:fire_dust":1,"minecraft:light_blue_terracotta":2,"minecraft:soul_lantern":1,"minecraft:spruce_sign":2,"minecraft:bread":213,"minecraft:oak_sapling":1,"minecraft:light_gray_carpet":1,"minecraft:dark_oak_fence":25,"minecraft:andesite_slab":2,"born_in_chaos_v1:diamond_termite_shard":1,"create:copper_sheet":1,"minecraft:crafting_table":6,"minecraft:charcoal":8,"minecraft:coarse_dirt":1,"minecraft:stripped_warped_hyphae":1,"minecraft:chicken":2,"minecraft:ladder":5,"minecraft:wooden_pickaxe":1,"gravestone:obituary":17,"quark:light_blue_shard":2,"supplementaries:globe":1,"minecraft:moss_carpet":2,"minecraft:iron_axe":1,"supplementaries:statue":1,"born_in_chaos_v1:intoxicating_decoction":1,"dungeons_plus:warped_axe":2,"deeperdarker:warden_sword":1,"minecraft:cracked_stone_bricks":1,"minecraft:beef":7,"minecraft:poppy":1,"minecraft:lectern":1,"supplementaries:cage":1,"minecraft:birch_sapling":3,"minecraft:raw_copper_block":3,"minecraft:egg":2,"minecraft:raw_iron":2,"minecraft:polished_deepslate_slab":2,"minecraft:copper_ingot":6,"sophisticatedbackpacks:backpack":6,"minecraft:spruce_fence":4,"supplementaries:key":1,"minecraft:carrot":2,"quark:oak_leaf_carpet":1,"minecraft:mangrove_trapdoor":1,"mowziesmobs:umvuthana_mask_faith":27,"minecraft:tnt":14,"minecraft:stone_shovel":2,"minecraft:arrow":32,"minecraft:hay_block":2,"born_in_chaos_v1:spiny_shell":4,"minecraft:mutton":6,"minecraft:white_wool":4,"mowziesmobs:grant_suns_blessing":2,"born_in_chaos_v1:corpse_maggot":5,"born_in_chaos_v1:infernal_evil_pumpkin":3,"minecraft:dark_oak_button":1,"minecraft:leather":2,"minecraft:filled_map":2,"minecraft:birch_planks":5,"minecraft:oak_log":691,"minecraft:yellow_bed":1,"mowziesmobs:wrought_axe":1,"create:copper_nugget":8,"minecraft:blue_bed":2,"quark:forgotten_hat":6,"man:cassette_1safetyinstructions":2,"dixtas_armory:stone_greatsword":2,"create:copper_ladder":1,"minecraft:piglin_head":2,"mowziesmobs:umvuthana_mask_rage":4,"minecraft:apple":1,"minecraft:gray_carpet":3,"minecraft:fire_coral_block":1,"supplementaries:bellows":1,"minecraft:iron_ingot":3,"minecraft:stone_pickaxe":2,"minecraft:polished_andesite_slab":6,"mowziesmobs:umvuthana_mask_misery":1,"minecraft:iron_sword":1,"cctvcraft:raw_aluminum":23,"minecraft:book":57,"quark:vertical_oak_planks":1,"minecraft:birch_boat":1,"minecraft:pumpkin":3,"supplementaries:sack":5,"minecraft:quartz":9,"born_in_chaos_v1:orbofthe_summoner":3,"born_in_chaos_v1:ethereal_spirit":1,"minecraft:dandelion":1,"minecraft:raw_iron_block":5,"minecraft:white_bed":2,"minecraft:spruce_log":8,"cctvcraft:aluminum_ingot":16,"minecraft:spider_eye":9,"supplementaries:clock_block":1,"minecraft:polished_diorite":5,"minecraft:stone_axe":2,"create:encased_fan":7,"create:crushed_raw_copper":1,"quark:hollow_birch_log":1,"mowziesmobs:umvuthana_mask_fear":2,"minecraft:dark_oak_wood":2,"minecraft:coal":33,"create:andesite_ladder":6},"minecraft:broken":{"mowziesmobs:umvuthana_mask_faith":1,"minecraft:iron_boots":1,"minecraft:iron_leggings":1},"minecraft:custom":{"minecraft:interact_with_crafting_table":30,"minecraft:open_barrel":67,"minecraft:leave_game":25,"minecraft:time_since_death":10036,"minecraft:damage_resisted":627,"minecraft:sprint_one_cm":413976,"minecraft:damage_blocked_by_shield":2800,"minecraft:drop":803,"minecraft:talked_to_villager":3,"minecraft:play_time":490706,"minecraft:deaths":33,"minecraft:jump":4269,"minecraft:interact_with_brewingstand":2,"minecraft:walk_on_water_one_cm":44001,"minecraft:interact_with_furnace":2,"minecraft:sleep_in_bed":6,"minecraft:damage_dealt":21904,"minecraft:player_kills":7,"minecraft:crouch_one_cm":18015,"minecraft:mob_kills":199,"minecraft:interact_with_anvil":2,"minecraft:damage_dealt_resisted":3433,"minecraft:climb_one_cm":20984,"minecraft:walk_one_cm":833475,"minecraft:damage_dealt_absorbed":40,"minecraft:sneak_time":11667,"minecraft:walk_under_water_one_cm":95969,"minecraft:boat_one_cm":80,"minecraft:interact_with_lectern":4,"minecraft:total_world_time":490706,"spartanshields:shield_bash_hits":4,"minecraft:tune_noteblock":3,"minecraft:time_since_rest":10063,"minecraft:damage_taken":14593,"minecraft:damage_absorbed":239,"minecraft:trigger_trapped_chest":3,"minecraft:swim_one_cm":95884,"minecraft:fly_one_cm":1225915,"minecraft:open_chest":56,"minecraft:fall_one_cm":125225},"minecraft:dropped":{"minecraft:spruce_sign":2,"minecraft:iron_sword":2,"minecraft:moss_block":3,"born_in_chaos_v1:mint_candy":2,"minecraft:warped_fungus":1,"dungeons_plus:warped_axe":4,"quark:vertical_oak_planks":2,"create:copper_nugget":7,"minecraft:warped_roots":6,"minecraft:lantern":2,"deeperdarker:warden_sword":1,"minecraft:rail":20,"minecraft:leather_helmet":1,"minecraft:red_mushroom":3,"minecraft:stripped_warped_hyphae":1,"born_in_chaos_v1:monster_flesh":5,"minecraft:dirt":172,"minecraft:dark_oak_fence":13,"minecraft:dark_oak_wood":2,"sophisticatedbackpacks:netherite_backpack":1,"gravestone:obituary":42,"create:large_cogwheel":12,"minecraft:sugar":1,"minecraft:iron_pickaxe":3,"minecraft:bone":7,"minecraft:stone_axe":2,"minecraft:polished_andesite_slab":6,"minecraft:black_carpet":2,"minecraft:andesite_slab":2,"minecraft:birch_sapling":1,"minecraft:wheat":3,"undead_revamp2:arapholia":1,"minecraft:deepslate_brick_slab":21,"minecraft:rotten_flesh":32,"minecraft:oak_planks":44,"minecraft:enchanted_golden_apple":1,"supplementaries:enderman_head":1,"minecraft:carrot":3,"supplementaries:antique_ink":1,"minecraft:poppy":1,"supplementaries:ash":4,"create:encased_fan":7,"minecraft:melon_seeds":5,"minecraft:spruce_pressure_plate":7,"minecraft:azalea":3,"quark:forgotten_hat":5,"minecraft:ladder":5,"minecraft:arrow":2,"minecraft:quartz":18,"minecraft:bread":227,"mowziesmobs:dart":220,"minecraft:wheat_seeds":34,"supplementaries:bamboo_spikes":23,"create:copper_ladder":5,"dixtas_armory:wooden_greatsword":1,"minecraft:mossy_cobblestone":3,"minecraft:deepslate_brick_wall":5,"mowziesmobs:grant_suns_blessing":2,"born_in_chaos_v1:magical_holiday_candy":2,"minecraft:iron_helmet":1,"minecraft:cobblestone":4,"born_in_chaos_v1:orbofthe_summoner":2,"mowziesmobs:blowgun":2,"minecraft:copper_ingot":1,"spartanshields:iron_basic_shield":2,"minecraft:coal":8,"mowziesmobs:wrought_axe":1,"dixtas_armory:stone_twinblade":1,"minecraft:stick":10,"minecraft:pufferfish":1,"minecraft:cobweb":12,"cctvcraft:aluminum_ingot":16,"minecraft:deepslate_brick_stairs":9,"create:andesite_ladder":12,"minecraft:torch":4,"born_in_chaos_v1:staffofthe_summoner":2,"minecraft:rose_bush":1,"quark:glowberry_sack":1,"minecraft:zombie_head":1,"minecraft:potion":19,"minecraft:iron_leggings":1,"minecraft:iron_axe":2,"born_in_chaos_v1:staffof_magic_arrows":3,"minecraft:smooth_stone":4,"create:mechanical_drill":10,"minecraft:string":14,"minecraft:gray_carpet":3,"minecraft:redstone":1,"minecraft:polished_diorite":5,"minecraft:creeper_head":1,"minecraft:coarse_dirt":1,"minecraft:smooth_stone_slab":1,"minecraft:polished_deepslate_slab":1,"minecraft:chicken":1,"minecraft:iron_boots":1,"sophisticatedbackpacks:backpack":8,"minecraft:name_tag":1,"born_in_chaos_v1:spiritual_dust":72,"minecraft:spruce_fence":3,"minecraft:oak_sign":10,"minecraft:pumpkin_seeds":2,"supplementaries:bamboo_spikes_tipped":7,"minecraft:filled_map":2,"minecraft:hay_block":1,"minecraft:potato":1,"minecraft:brain_coral_block":1,"minecraft:diamond_chestplate":1,"mowziesmobs:umvuthana_mask_misery":1,"minecraft:iron_chestplate":2,"minecraft:oak_sapling":1,"minecraft:fire_coral_block":1,"minecraft:spider_eye":8,"minecraft:blue_orchid":2,"minecraft:stone_pickaxe":2,"minecraft:stripped_spruce_wood":3,"minecraft:bell":1,"minecraft:nautilus_shell":1,"minecraft:calcite":4},"minecraft:killed":{"endofherobrine:silverfish":6,"minecraft:cave_spider":1,"born_in_chaos_v1:mr_pumpkin":3,"minecraft:witch":1,"born_in_chaos_v1:zombie_lumberjack":1,"born_in_chaos_v1:pumpkin_spirit":1,"minecraft:spider":11,"undead_revamp2:thesmoker":1,"quark:forgotten":3,"minecraft:skeleton":5,"mowziesmobs:umvuthana_crane_player":2,"minecraft:chicken":2,"mowziesmobs:umvuthana_crane":17,"undead_revamp2:therod":2,"born_in_chaos_v1:supreme_bonescaller_stage_2":1,"born_in_chaos_v1:firelight_not_despawn":1,"minecraft:pig":6,"born_in_chaos_v1:diamond_termite":1,"minecraft:creeper":1,"minecraft:sheep":4,"minecraft:zombie":16,"born_in_chaos_v1:corpse_fly":1,"born_in_chaos_v1:door_knight":1,"endofherobrine:pigman":1,"apollyon:the_damned":1,"minecraft:cow":4,"born_in_chaos_v1:zombie_clown_not_despawn":1,"born_in_chaos_v1:thornshell_crab":1,"born_in_chaos_v1:maggot":6,"minecraft:drowned":23,"undead_revamp2:sucker":1,"mowziesmobs:umvuthana":3,"graveyard:ghoul":1,"born_in_chaos_v1:bone_imp_minion":4,"born_in_chaos_v1:baby_skeleton":1,"undead_revamp2:the_moonflower":4,"mowziesmobs:umvuthana_follower_raptor":2,"born_in_chaos_v1:decrepit_skeleton":4,"endofherobrine:sheep":8},"minecraft:used":{"minecraft:beetroot":4,"minecraft:polished_deepslate":24,"minecraft:iron_shovel":16,"deeperdarker:warden_boots":1,"minecraft:iron_sword":313,"dixtas_armory:stone_twinblade":135,"minecraft:iron_chestplate":2,"minecraft:mutton":5,"minecraft:carrot":2,"create:light_blue_toolbox":2,"born_in_chaos_v1:corpse_maggot":3,"born_in_chaos_v1:smoked_flesh":2,"minecraft:mangrove_log":1,"minecraft:lava_bucket":10,"mowziesmobs:umvuthana_mask_faith":1,"minecraft:lantern":1,"born_in_chaos_v1:mint_candy":2,"spartanshields:iron_basic_shield":1520,"minecraft:written_book":2,"minecraft:egg":1,"minecraft:stripped_spruce_wood":1,"minecraft:stone_pickaxe":139,"minecraft:oak_planks":229,"minecraft:wooden_pickaxe":6,"minecraft:blue_bed":1,"minecraft:golden_apple":2,"dungeons_plus:warped_axe":4,"born_in_chaos_v1:holiday_candy":5,"quark:vertical_oak_planks":11,"born_in_chaos_v1:infernal_evil_pumpkin":5,"born_in_chaos_v1:monster_flesh":1,"minecraft:melon_slice":3,"minecraft:bread":37,"deeperdarker:warden_sword":22,"born_in_chaos_v1:staffof_magic_arrows":5,"create:andesite_casing":1,"minecraft:andesite":12,"minecraft:birch_log":1,"minecraft:oak_boat":1,"minecraft:experience_bottle":1,"minecraft:iron_bars":7,"deeperdarker:warden_chestplate":1,"minecraft:flint_and_steel":3,"minecraft:stone_shovel":51,"undead_revamp2:blacpetalblock":1,"minecraft:spruce_planks":9,"mowziesmobs:blowgun":27,"minecraft:stripped_birch_wood":2,"minecraft:stick":6,"minecraft:torch":93,"minecraft:dirt":20,"minecraft:anvil":2,"dixtas_armory:stone_greatsword":64,"minecraft:iron_axe":169,"minecraft:iron_boots":1,"minecraft:golden_carrot":1,"minecraft:beef":2,"undead_revamp2:arapholia":1,"minecraft:acacia_planks":5,"minecraft:enchanted_golden_apple":2,"minecraft:beetroot_soup":1,"minecraft:iron_leggings":1,"minecraft:water_bucket":1,"minecraft:birch_planks":10,"minecraft:glass_bottle":3,"minecraft:birch_boat":1,"born_in_chaos_v1:stimulating_decoction":1,"minecraft:mossy_cobblestone":1,"minecraft:tnt":60,"minecraft:crafting_table":9,"minecraft:white_bed":3,"born_in_chaos_v1:flaming_evil_pumpkin":1,"minecraft:oak_log":46,"minecraft:apple":2,"create:andesite_ladder":1,"minecraft:iron_pickaxe":95,"born_in_chaos_v1:staffofthe_summoner":44,"born_in_chaos_v1:magical_holiday_candy":39,"supplementaries:rope":2,"mowziesmobs:sol_visage":1,"minecraft:stone_axe":15,"minecraft:cobblestone":86,"minecraft:potion":7,"minecraft:porkchop":10,"minecraft:bucket":8,"minecraft:yellow_bed":1,"deeperdarker:warden_leggings":1},"minecraft:crafted":{"minecraft:oak_planks":372,"minecraft:birch_boat":1,"spartanshields:iron_basic_shield":2,"minecraft:iron_boots":1,"minecraft:crafting_table":9,"minecraft:spruce_planks":28,"minecraft:wooden_pickaxe":1,"minecraft:iron_helmet":1,"dixtas_armory:stone_greatsword":1,"minecraft:birch_planks":20,"born_in_chaos_v1:staffofthe_summoner":1,"minecraft:iron_chestplate":1,"minecraft:stick":26,"minecraft:iron_ingot":41,"spartanshields:wooden_basic_shield":3,"minecraft:cherry_planks":4,"minecraft:stone_shovel":1,"dixtas_armory:wooden_greatsword":1,"minecraft:stone_pickaxe":2,"minecraft:stone_axe":1,"minecraft:iron_leggings":1,"minecraft:white_bed":1,"minecraft:torch":32},"minecraft:killed_by":{"born_in_chaos_v1:mr_pumpkin":3,"mowziesmobs:umvuthana_follower_raptor":1,"quark:forgotten":2,"born_in_chaos_v1:bone_imp_minion":3,"undead_revamp2:clogger":1,"mowziesmobs:umvuthi":9,"mowziesmobs:umvuthana":1,"minecraft:zombie":1,"born_in_chaos_v1:supreme_bonescaller_stage_2":1,"antlers:wendigomad":2,"minecraft:player":1,"minecraft:spider":2,"minecraft:shulker":1,"antlers:wendigo":3},"minecraft:mined":{"undead_revamp2:arapholia":2,"minecraft:spruce_planks":1,"minecraft:white_bed":2,"quark:orange_blossom_leaves":4,"create:andesite_casing":1,"quark:oak_leaf_carpet":1,"cctvcraft:aluminum_ore":16,"minecraft:grass_block":26,"minecraft:mangrove_fence":2,"quark:acacia_bookshelf":2,"minecraft:stripped_warped_hyphae":1,"minecraft:spawner":7,"minecraft:light_blue_stained_glass":1,"quark:hollow_birch_log":2,"minecraft:raw_iron_block":5,"minecraft:iron_ore":2,"minecraft:fire":1,"quark:glowberry_sack":1,"minecraft:pumpkin":3,"minecraft:black_carpet":3,"supplementaries:globe":1,"minecraft:enchanting_table":1,"supplementaries:stick":1,"minecraft:cave_vines":1,"minecraft:polished_deepslate_slab":1,"minecraft:iron_bars":11,"minecraft:spruce_pressure_plate":5,"create:cogwheel":2,"quark:blossom_bookshelf":4,"minecraft:torch":1,"minecraft:dark_oak_wood":1,"minecraft:poppy":1,"minecraft:cobblestone":28,"minecraft:oak_planks":21,"minecraft:wall_torch":2,"create:cuckoo_clock":1,"minecraft:birch_log":6,"supplementaries:flint_block":1,"minecraft:wheat":3,"born_in_chaos_v1:fired_black_argillite":1,"minecraft:tnt":14,"minecraft:grass":211,"minecraft:oak_log":19,"minecraft:dirt":63,"structure_gel:dynamic_spawner":2,"minecraft:raw_copper_block":3,"minecraft:wither_skeleton_skull":1,"minecraft:oak_leaves":17,"supplementaries:clock_block":1,"minecraft:mossy_cobblestone":8,"minecraft:stripped_birch_log":1,"born_in_chaos_v1:infected_diamond_ore":1,"minecraft:cobbled_deepslate_slab":2,"gravestone:gravestone":22,"minecraft:dark_oak_fence":2,"minecraft:spruce_fence":3,"create:large_cogwheel":1,"born_in_chaos_v1:flaming_evil_pumpkin":1,"born_in_chaos_v1:infernal_evil_pumpkin":4,"create:encased_fan":10,"minecraft:polished_andesite_slab":3,"minecraft:large_fern":1,"minecraft:deepslate_brick_slab":1,"minecraft:dead_brain_coral":1,"minecraft:potted_dark_oak_sapling":1,"supplementaries:bamboo_spikes":14,"minecraft:andesite":13,"minecraft:stripped_spruce_log":25,"supplementaries:bellows":1,"minecraft:bookshelf":6,"minecraft:vine":1,"minecraft:stone":53,"minecraft:brain_coral":1,"supplementaries:statue":1,"quark:spruce_bookshelf":5,"minecraft:crafting_table":5,"supplementaries:item_shelf":4,"minecraft:andesite_slab":1,"supplementaries:sack":5,"minecraft:tall_grass":36,"minecraft:copper_ore":15,"endofherobrine:mossy_stone_bricks":3,"minecraft:diorite":1,"minecraft:blue_bed":2,"supplementaries:cage":1,"supplementaries:urn":2,"minecraft:birch_planks":1,"minecraft:coarse_dirt":4,"antlers:sheep_corpse":3,"create:gearbox":1,"minecraft:birch_leaves":2,"minecraft:yellow_bed":1,"create:mechanical_drill":7,"minecraft:coal_ore":11,"minecraft:cobweb":7,"minecraft:gray_carpet":2,"minecraft:cracked_stone_bricks":2,"minecraft:polished_andesite":1,"create:light_blue_seat":1,"minecraft:fern":21}},"DataVersion":3465}