{"stats":{"minecraft:killed_by":{"antlers:wendigo":1,"mowziesmobs:umvuthana_follower_raptor":1,"antlers:wendigomad":2},"minecraft:crafted":{"minecraft:oak_planks":82,"minecraft:stone_shovel":1,"minecraft:crafting_table":4,"minecraft:birch_boat":1,"minecraft:wooden_pickaxe":1,"dixtas_armory:stone_greatsword":1,"minecraft:birch_planks":16,"dixtas_armory:wooden_greatsword":1,"minecraft:stone_axe":1,"minecraft:stick":14,"minecraft:stone_pickaxe":2,"minecraft:white_bed":1,"minecraft:torch":32},"minecraft:dropped":{"minecraft:stone_axe":1,"minecraft:creeper_head":1,"born_in_chaos_v1:mint_candy":2,"minecraft:wheat_seeds":2,"dixtas_armory:wooden_greatsword":1,"supplementaries:enderman_head":1,"mowziesmobs:wrought_axe":1,"minecraft:zombie_head":1,"gravestone:obituary":2,"minecraft:stone_pickaxe":1},"minecraft:used":{"minecraft:birch_planks":2,"minecraft:stone_shovel":39,"minecraft:stone_pickaxe":97,"minecraft:oak_planks":12,"minecraft:birch_boat":1,"minecraft:wooden_pickaxe":6,"born_in_chaos_v1:stimulating_decoction":1,"dixtas_armory:stone_twinblade":46,"minecraft:stick":6,"minecraft:torch":16,"minecraft:dirt":3,"minecraft:mutton":3,"minecraft:crafting_table":5,"minecraft:white_bed":1,"dixtas_armory:stone_greatsword":64,"minecraft:oak_log":46,"born_in_chaos_v1:smoked_flesh":2,"born_in_chaos_v1:mint_candy":2,"supplementaries:rope":2,"minecraft:stone_axe":15,"minecraft:cobblestone":24,"minecraft:porkchop":3,"minecraft:andesite":12},"minecraft:mined":{"quark:orange_blossom_leaves":4,"minecraft:crafting_table":3,"minecraft:torch":1,"gravestone:gravestone":2,"minecraft:grass_block":14,"minecraft:cobblestone":5,"minecraft:copper_ore":15,"minecraft:oak_planks":4,"minecraft:wall_torch":2,"minecraft:birch_planks":1,"quark:hollow_birch_log":2,"minecraft:deepslate_brick_slab":1,"minecraft:coarse_dirt":1,"minecraft:birch_log":4,"minecraft:iron_ore":2,"minecraft:andesite":13,"minecraft:grass":30,"minecraft:oak_log":6,"supplementaries:stick":1,"minecraft:coal_ore":11,"minecraft:vine":1,"minecraft:iron_bars":4,"minecraft:dirt":41,"minecraft:stone":49,"minecraft:oak_leaves":13},"minecraft:picked_up":{"minecraft:birch_log":4,"born_in_chaos_v1:corpse_maggot":2,"minecraft:crafting_table":5,"minecraft:wheat":8,"minecraft:andesite":12,"minecraft:lead":1,"minecraft:wooden_pickaxe":1,"minecraft:birch_planks":1,"minecraft:oak_log":678,"mowziesmobs:wrought_axe":1,"minecraft:iron_axe":1,"minecraft:dirt":76,"minecraft:raw_copper":147,"man:cassette_1safetyinstructions":2,"dixtas_armory:stone_greatsword":2,"born_in_chaos_v1:intoxicating_decoction":1,"minecraft:piglin_head":2,"minecraft:wheat_seeds":2,"minecraft:deepslate_brick_slab":1,"minecraft:stone_pickaxe":1,"born_in_chaos_v1:mint_candy":1,"minecraft:oak_planks":99,"supplementaries:enderman_head":1,"minecraft:stick":14,"minecraft:raw_iron":2,"minecraft:birch_boat":1,"minecraft:copper_ingot":2,"minecraft:torch":3,"minecraft:porkchop":10,"minecraft:rotten_flesh":10,"minecraft:stone_shovel":2,"minecraft:stone_axe":2,"minecraft:mutton":5,"minecraft:coal":31,"minecraft:white_wool":4,"minecraft:cobblestone":83},"minecraft:killed":{"minecraft:pig":5,"born_in_chaos_v1:zombie_clown_not_despawn":1,"undead_revamp2:the_moonflower":1,"undead_revamp2:thesmoker":1,"mowziesmobs:umvuthana_follower_raptor":2,"born_in_chaos_v1:maggot":3,"minecraft:skeleton":1,"minecraft:sheep":4},"minecraft:custom":{"minecraft:mob_kills":19,"minecraft:open_barrel":8,"minecraft:interact_with_crafting_table":10,"minecraft:damage_dealt_resisted":278,"minecraft:leave_game":17,"minecraft:time_since_death":11012,"minecraft:climb_one_cm":6,"minecraft:time_since_rest":11040,"minecraft:sprint_one_cm":75301,"minecraft:damage_taken":1565,"minecraft:walk_one_cm":125925,"minecraft:drop":13,"minecraft:damage_dealt":4334,"minecraft:fly_one_cm":109765,"minecraft:open_chest":5,"minecraft:crouch_one_cm":3830,"minecraft:play_time":80487,"minecraft:deaths":5,"minecraft:sneak_time":1608,"minecraft:walk_under_water_one_cm":3658,"minecraft:boat_one_cm":20,"minecraft:jump":663,"minecraft:interact_with_brewingstand":2,"minecraft:walk_on_water_one_cm":4639,"minecraft:total_world_time":80487,"minecraft:fall_one_cm":12364}},"DataVersion":3465}