{"stats":{"minecraft:picked_up":{"minecraft:anvil":1,"minecraft:prismarine_shard":2,"minecraft:smithing_table":1,"minecraft:lead":11,"minecraft:diamond_sword":2,"minecraft:oak_stairs":1,"born_in_chaos_v1:black_argillite_brick_wall":1,"create:wrench":1,"minecraft:wither_rose":1,"minecraft:polished_deepslate":24,"minecraft:string":37,"minecraft:gold_nugget":26,"minecraft:cobbled_deepslate":13,"bosses_of_mass_destruction:soul_star":1,"minecraft:spruce_planks":3,"minecraft:horn_coral_block":1,"minecraft:written_book":4,"sophisticatedbackpacks:netherite_backpack":1,"minecraft:mangrove_log":3,"minecraft:spruce_pressure_plate":7,"create:raw_zinc_block":1,"born_in_chaos_v1:shattered_skull":1,"quark:azalea_leaf_carpet":1,"create:andesite_casing":1,"born_in_chaos_v1:pileof_dark_metal":1,"minecraft:golden_axe":2,"undead_revamp2:cloogerribs":106,"minecraft:polished_basalt":34,"minecraft:iron_block":5,"minecraft:carved_pumpkin":1,"supplementaries:ash":23,"minecraft:iron_bars":9,"minecraft:birch_log":22,"born_in_chaos_v1:staffof_magic_arrows":6,"minecraft:feather":14,"minecraft:iron_door":1,"born_in_chaos_v1:spiritual_dust":13,"supplementaries:candy":1,"minecraft:copper_block":5,"minecraft:flint":3,"minecraft:stripped_spruce_wood":4,"minecraft:mangrove_slab":1,"minecraft:lantern":3,"undead_revamp2:blacpetalblock":2,"create:mechanical_drill":15,"minecraft:dark_oak_sign":1,"minecraft:moss_block":8,"born_in_chaos_v1:mint_candy":1,"quark:azalea_wood":2,"bosses_of_mass_destruction:crystal_fruit":2,"minecraft:stripped_spruce_log":26,"supplementaries:bamboo_spikes":26,"minecraft:granite":2,"minecraft:bread":213,"born_in_chaos_v1:rotten_fish":5,"minecraft:light_gray_carpet":2,"minecraft:dark_oak_fence":29,"create:copper_sheet":1,"minecraft:mud":1,"minecraft:crafting_table":7,"minecraft:coarse_dirt":5,"minecraft:stripped_warped_hyphae":1,"born_in_chaos_v1:seedof_chaos":1,"minecraft:leather_leggings":1,"gravestone:obituary":30,"minecraft:red_bed":2,"supplementaries:globe":1,"minecraft:netherite_scrap":3,"born_in_chaos_v1:intoxicating_decoction":1,"minecraft:white_carpet":1,"dungeons_plus:warped_axe":2,"minecraft:cracked_stone_bricks":4,"minecraft:beef":7,"graveyard:dark_oak_coffin":3,"minecraft:poppy":1,"minecraft:birch_sapling":8,"minecraft:raw_copper_block":3,"minecraft:egg":3,"minecraft:sandstone":14,"minecraft:polished_deepslate_slab":2,"sophisticatedbackpacks:backpack":6,"minecraft:spruce_fence":4,"minecraft:fire_charge":1,"bosses_of_mass_destruction:void_thorn":2,"graveyard:small_cyan_urn":1,"born_in_chaos_v1:pieceofdarkmetal":2,"minecraft:carrot":2,"minecraft:prismarine_crystals":1,"minecraft:mangrove_trapdoor":1,"mowziesmobs:umvuthana_mask_faith":27,"minecraft:tnt":14,"minecraft:stone_shovel":2,"minecraft:diamond_chestplate":1,"minecraft:deepslate_bricks":1,"minecraft:hay_block":2,"create:zinc_block":3,"born_in_chaos_v1:spiny_shell":17,"minecraft:gold_ingot":1,"minecraft:mutton":6,"minecraft:white_wool":5,"minecraft:rail":1,"mowziesmobs:grant_suns_blessing":3,"dixtas_armory:diamond_zweihander":5,"quark:crab_leg":1,"born_in_chaos_v1:pumpkin_staff":1,"minecraft:filled_map":6,"quark:rusty_iron_plate":1,"create:brass_block":3,"minecraft:oak_log":691,"deep_dark_regrowth:stone_tiles":8,"mowziesmobs:wrought_axe":3,"minecraft:blue_bed":4,"man:cassette_1safetyinstructions":2,"dixtas_armory:stone_greatsword":2,"create:copper_ladder":1,"born_in_chaos_v1:soul_cutlass":2,"minecraft:apple":5,"minecraft:stone_bricks":4,"mowziesmobs:umvuthana_mask_rage":4,"supplementaries:bellows":1,"minecraft:stone_pickaxe":2,"minecraft:cobweb":54,"minecraft:glass_bottle":3,"minecraft:iron_sword":1,"minecraft:flowering_azalea":1,"cctvcraft:raw_aluminum":24,"minecraft:dark_oak_stairs":1,"quark:vertical_oak_planks":1,"deep_dark_regrowth:plasma_chunk":3,"minecraft:sculk":5,"minecraft:red_wool":1,"born_in_chaos_v1:orbofthe_summoner":6,"born_in_chaos_v1:ethereal_spirit":2,"minecraft:gravel":35,"minecraft:spruce_log":9,"create:gearbox":3,"minecraft:slime_ball":33,"minecraft:polished_diorite":5,"minecraft:stone_axe":2,"mowziesmobs:umvuthana_mask_fear":2,"minecraft:wheat":10,"minecraft:black_carpet":2,"create:light_blue_seat":1,"minecraft:potion":7,"minecraft:gilded_blackstone":2,"minecraft:brain_coral_block":2,"minecraft:stone_brick_stairs":3,"supplementaries:jar":1,"born_in_chaos_v1:holiday_candy":32,"minecraft:raw_copper":158,"minecraft:smooth_stone_slab":3,"minecraft:iron_leggings":1,"born_in_chaos_v1:dark_upgrade":1,"minecraft:sticky_piston":4,"minecraft:oak_sign":11,"create:sand_paper":3,"minecraft:smooth_stone":5,"minecraft:redstone_torch":2,"minecraft:azalea":3,"minecraft:calcite":6,"minecraft:iron_pickaxe":3,"supplementaries:enderman_head":1,"minecraft:tipped_arrow":3,"minecraft:stick":28,"minecraft:deepslate_brick_wall":5,"minecraft:oak_fence":5,"minecraft:torch":10,"supplementaries:bamboo_spikes_tipped":10,"minecraft:porkchop":10,"minecraft:diorite":1,"create:large_cogwheel":14,"quark:ancient_tome":1,"minecraft:rotten_flesh":111,"born_in_chaos_v1:magical_holiday_candy":2,"supplementaries:antique_ink":1,"minecraft:mangrove_roots":2,"minecraft:deepslate_brick_stairs":11,"minecraft:obsidian":2,"quark:trowel":1,"undead_revamp2:arapholia":2,"minecraft:cobblestone":137,"minecraft:enchanting_table":2,"minecraft:muddy_mangrove_roots":1,"minecraft:andesite":17,"supplementaries:item_shelf":5,"minecraft:tuff":5,"create:raw_zinc":5,"quark:glowberry_sack":1,"minecraft:wither_skeleton_skull":1,"minecraft:dirt":320,"minecraft:stripped_birch_log":1,"antlers:tomahawkitem":3,"born_in_chaos_v1:staffofthe_summoner":2,"minecraft:mangrove_fence":2,"minecraft:bone":165,"minecraft:acacia_planks":11,"minecraft:bow":1,"minecraft:wheat_seeds":65,"minecraft:deepslate_brick_slab":26,"minecraft:raw_gold":3,"minecraft:bell":1,"minecraft:oak_planks":213,"create:cuckoo_clock":1,"minecraft:sand":40,"minecraft:jungle_planks":2,"minecraft:diamond_block":2,"minecraft:mossy_cobblestone":5,"born_in_chaos_v1:fire_dust":1,"minecraft:light_blue_terracotta":2,"minecraft:diamond":6,"minecraft:mangrove_wood":6,"minecraft:soul_lantern":1,"minecraft:cracked_polished_blackstone_bricks":10,"deep_dark_regrowth:unbreakability_seal":2,"minecraft:golden_apple":4,"minecraft:spruce_sign":8,"minecraft:oak_sapling":1,"minecraft:netherrack":14,"minecraft:andesite_slab":2,"minecraft:charcoal":8,"born_in_chaos_v1:diamond_termite_shard":2,"minecraft:chicken":2,"minecraft:ladder":5,"minecraft:wooden_pickaxe":1,"minecraft:gold_block":3,"minecraft:diamond_horse_armor":7,"quark:light_blue_shard":2,"minecraft:stone_stairs":1,"minecraft:moss_carpet":2,"minecraft:iron_axe":3,"supplementaries:statue":1,"deeperdarker:warden_sword":1,"minecraft:echo_shard":4,"minecraft:lectern":1,"supplementaries:cage":1,"minecraft:sugar_cane":2,"minecraft:raw_iron":4,"minecraft:stripped_mangrove_wood":1,"minecraft:copper_ingot":6,"minecraft:polished_blackstone_bricks":14,"create:rose_quartz_block":4,"supplementaries:key":1,"minecraft:trident":2,"quark:oak_leaf_carpet":1,"minecraft:iron_horse_armor":1,"minecraft:dark_oak_planks":1,"quark:cherry_leaf_carpet":1,"minecraft:arrow":109,"minecraft:saddle":7,"born_in_chaos_v1:corpse_maggot":5,"born_in_chaos_v1:infernal_evil_pumpkin":3,"minecraft:dark_oak_button":1,"minecraft:golden_carrot":3,"minecraft:leather":55,"minecraft:birch_planks":5,"minecraft:yellow_bed":1,"minecraft:gunpowder":6,"minecraft:deepslate_tile_slab":2,"create:copper_nugget":8,"create:item_vault":2,"quark:forgotten_hat":6,"minecraft:piglin_head":2,"minecraft:red_carpet":2,"minecraft:gray_carpet":3,"minecraft:fire_coral_block":1,"minecraft:rabbit_hide":6,"minecraft:iron_ingot":3,"born_in_chaos_v1:fel_lamp":2,"minecraft:polished_andesite_slab":6,"mowziesmobs:umvuthana_mask_misery":1,"sophisticatedbackpacks:diamond_backpack":2,"minecraft:book":57,"minecraft:birch_boat":1,"minecraft:pumpkin":3,"supplementaries:sack":5,"minecraft:quartz":9,"minecraft:dandelion":1,"minecraft:raw_iron_block":5,"minecraft:dripstone_block":2,"born_in_chaos_v1:dark_rod":2,"mowziesmobs:wrought_helmet":1,"minecraft:white_bed":2,"cctvcraft:aluminum_ingot":16,"minecraft:spider_eye":14,"supplementaries:clock_block":1,"minecraft:pumpkin_seeds":28,"create:encased_fan":18,"create:crushed_raw_copper":1,"minecraft:stripped_jungle_wood":1,"quark:hollow_birch_log":1,"minecraft:damaged_anvil":1,"minecraft:dark_oak_wood":2,"minecraft:coal":34,"create:andesite_ladder":6},"minecraft:broken":{"minecraft:golden_boots":1,"mowziesmobs:umvuthana_mask_faith":1,"minecraft:iron_boots":2,"minecraft:iron_leggings":1,"spartanshields:diamond_basic_shield":1},"minecraft:custom":{"minecraft:interact_with_crafting_table":60,"minecraft:open_barrel":95,"minecraft:leave_game":31,"minecraft:time_since_death":12935,"minecraft:damage_blocked_by_shield":4073,"minecraft:play_time":861980,"minecraft:deaths":45,"minecraft:jump":7615,"minecraft:interact_with_furnace":6,"minecraft:sleep_in_bed":8,"minecraft:damage_dealt":53644,"minecraft:inspect_dispenser":1,"minecraft:horse_one_cm":11207,"minecraft:interact_with_smithing_table":6,"minecraft:interact_with_anvil":16,"minecraft:damage_dealt_absorbed":40,"minecraft:sneak_time":20158,"minecraft:interact_with_lectern":4,"minecraft:total_world_time":861980,"minecraft:tune_noteblock":5,"minecraft:time_since_rest":12960,"minecraft:swim_one_cm":104781,"minecraft:fly_one_cm":2365195,"minecraft:open_chest":112,"minecraft:fall_one_cm":238572,"minecraft:damage_resisted":4393,"minecraft:sprint_one_cm":663367,"minecraft:drop":1946,"minecraft:talked_to_villager":5,"minecraft:interact_with_brewingstand":4,"minecraft:walk_on_water_one_cm":55095,"minecraft:player_kills":31,"minecraft:crouch_one_cm":31823,"minecraft:mob_kills":396,"minecraft:damage_dealt_resisted":10129,"minecraft:climb_one_cm":64529,"minecraft:walk_one_cm":1484751,"minecraft:walk_under_water_one_cm":114936,"minecraft:boat_one_cm":80,"spartanshields:shield_bash_hits":5,"minecraft:pot_flower":11,"minecraft:damage_taken":10125480,"minecraft:damage_absorbed":6976,"minecraft:trigger_trapped_chest":9},"minecraft:dropped":{"minecraft:iron_sword":3,"born_in_chaos_v1:mint_candy":2,"minecraft:glass_bottle":10,"quark:vertical_oak_planks":2,"minecraft:crossbow":1,"minecraft:warped_roots":6,"create:copper_nugget":7,"create:cogwheel":16,"supplementaries:bellows":1,"bosses_of_mass_destruction:crystal_fruit":2,"minecraft:cracked_stone_bricks":3,"minecraft:saddle":3,"deeperdarker:warden_sword":1,"minecraft:rail":21,"minecraft:leather_helmet":1,"minecraft:red_mushroom":3,"minecraft:red_carpet":2,"minecraft:gold_block":1,"born_in_chaos_v1:monster_flesh":5,"minecraft:dirt":183,"born_in_chaos_v1:spiny_shell_armor_chestplate":2,"minecraft:dark_oak_fence":29,"minecraft:stripped_dark_oak_wood":1,"sophisticatedbackpacks:netherite_backpack":1,"minecraft:chain":10,"minecraft:writable_book":1,"minecraft:sand":40,"minecraft:sugar":1,"minecraft:iron_pickaxe":4,"minecraft:dark_oak_planks":1,"minecraft:white_wool":1,"minecraft:bone":135,"minecraft:stone_axe":2,"minecraft:sugar_cane":2,"minecraft:polished_andesite_slab":6,"minecraft:cobbled_deepslate":11,"minecraft:black_carpet":2,"minecraft:birch_sapling":5,"minecraft:wheat":56,"undead_revamp2:arapholia":1,"minecraft:deepslate_brick_slab":25,"minecraft:rotten_flesh":67,"minecraft:oak_planks":597,"minecraft:enchanted_golden_apple":2,"minecraft:light_gray_carpet":1,"minecraft:echo_shard":4,"graveyard:small_cyan_urn":1,"minecraft:tipped_arrow":3,"create:encased_fan":18,"minecraft:charcoal":8,"create:wrench":2,"quark:trowel":2,"minecraft:ladder":5,"minecraft:leather_leggings":1,"deep_dark_regrowth:plasma_chunk":1,"minecraft:stone_brick_stairs":3,"minecraft:egg":1,"minecraft:golden_boots":1,"minecraft:iron_ingot":70,"mowziesmobs:dart":220,"minecraft:wheat_seeds":78,"supplementaries:bamboo_spikes":26,"minecraft:deepslate_brick_wall":5,"minecraft:horn_coral_block":1,"minecraft:oak_fence":1,"minecraft:iron_helmet":3,"minecraft:cobblestone":16,"minecraft:prismarine_crystals":1,"minecraft:granite":2,"minecraft:deepslate_tile_slab":2,"born_in_chaos_v1:soul_cutlass":2,"spartanshields:iron_basic_shield":2,"minecraft:coal":9,"minecraft:pufferfish":1,"minecraft:cobweb":18,"minecraft:diamond_horse_armor":1,"minecraft:sculk":5,"minecraft:golden_carrot":5,"minecraft:rose_bush":1,"quark:glowberry_sack":1,"minecraft:potion":20,"mowziesmobs:wrought_helmet":1,"minecraft:smooth_stone":4,"minecraft:iron_shovel":1,"minecraft:paper":3,"create:mechanical_drill":15,"minecraft:string":17,"minecraft:gray_carpet":3,"create:sand_paper":6,"minecraft:creeper_head":1,"minecraft:smooth_stone_slab":1,"minecraft:sticky_piston":8,"born_in_chaos_v1:rotten_fish":5,"minecraft:polished_deepslate_slab":2,"minecraft:white_carpet":1,"minecraft:chicken":1,"minecraft:iron_boots":2,"sophisticatedbackpacks:backpack":8,"quark:azalea_leaf_carpet":1,"minecraft:damaged_anvil":1,"minecraft:name_tag":1,"minecraft:oak_sign":10,"minecraft:spruce_fence":3,"minecraft:pumpkin_seeds":2,"minecraft:diamond_sword":2,"create:item_vault":2,"minecraft:potato":1,"minecraft:hay_block":2,"minecraft:brain_coral_block":1,"minecraft:spruce_planks":2,"minecraft:fire_coral_block":1,"minecraft:redstone_torch":1,"minecraft:spider_eye":13,"minecraft:stone_bricks":3,"minecraft:sandstone":14,"minecraft:bow":1,"minecraft:blue_orchid":2,"quark:rusty_iron_plate":1,"minecraft:bell":1,"minecraft:stripped_spruce_wood":4,"minecraft:spruce_sign":8,"minecraft:moss_block":8,"minecraft:brown_mushroom":24,"minecraft:dark_oak_stairs":1,"cctvcraft:raw_aluminum":1,"dungeons_plus:warped_axe":5,"minecraft:warped_fungus":1,"minecraft:lantern":2,"supplementaries:slingshot":1,"minecraft:leather":7,"minecraft:flint":3,"minecraft:stripped_warped_hyphae":1,"dixtas_armory:diamond_zweihander":6,"minecraft:dark_oak_log":3,"minecraft:mangrove_wood":4,"minecraft:dark_oak_wood":2,"born_in_chaos_v1:fel_lamp":1,"gravestone:obituary":62,"minecraft:gilded_blackstone":2,"born_in_chaos_v1:black_argillite_brick_wall":1,"minecraft:polished_blackstone_bricks":6,"sophisticatedbackpacks:battery_upgrade":1,"create:large_cogwheel":32,"minecraft:birch_log":8,"minecraft:gravel":35,"minecraft:stripped_jungle_wood":1,"minecraft:andesite_slab":2,"minecraft:soul_lantern":1,"deep_dark_regrowth:stone_tiles":8,"minecraft:stone_stairs":1,"born_in_chaos_v1:dark_upgrade":2,"supplementaries:enderman_head":1,"minecraft:carrot":3,"sophisticatedbackpacks:diamond_backpack":3,"undead_revamp2:cloogerribs":86,"supplementaries:antique_ink":1,"minecraft:poppy":1,"minecraft:rabbit_hide":6,"supplementaries:ash":17,"minecraft:mangrove_log":2,"minecraft:trident":1,"minecraft:gunpowder":16,"create:gearbox":10,"minecraft:spruce_pressure_plate":7,"minecraft:melon_seeds":5,"supplementaries:item_shelf":5,"minecraft:azalea":3,"quark:forgotten_hat":5,"minecraft:arrow":156,"minecraft:iron_bars":1,"minecraft:quartz":18,"minecraft:written_book":4,"minecraft:netherrack":3,"born_in_chaos_v1:dark_rod":2,"minecraft:bread":227,"minecraft:stripped_spruce_log":2,"create:copper_ladder":7,"dixtas_armory:wooden_greatsword":1,"minecraft:mossy_cobblestone":3,"mowziesmobs:grant_suns_blessing":3,"minecraft:prismarine_shard":2,"minecraft:lead":3,"born_in_chaos_v1:orbofthe_summoner":2,"quark:abacus":1,"mowziesmobs:blowgun":2,"born_in_chaos_v1:magical_holiday_candy":2,"minecraft:spectral_arrow":3,"antlers:tomahawkitem":9,"quark:azalea_wood":1,"minecraft:copper_ingot":1,"mowziesmobs:wrought_axe":3,"dixtas_armory:stone_twinblade":1,"minecraft:stick":20,"minecraft:iron_block":2,"cctvcraft:aluminum_ingot":16,"minecraft:deepslate_brick_stairs":11,"create:andesite_ladder":17,"create:raw_zinc_block":1,"minecraft:diorite":1,"minecraft:torch":36,"born_in_chaos_v1:staffofthe_summoner":3,"minecraft:zombie_head":2,"minecraft:fire_charge":1,"minecraft:iron_leggings":4,"minecraft:flowering_azalea":1,"minecraft:iron_axe":3,"minecraft:polished_basalt":34,"born_in_chaos_v1:staffof_magic_arrows":5,"minecraft:tripwire_hook":5,"minecraft:redstone":1,"minecraft:polished_diorite":5,"create:shaft":18,"create:zinc_block":3,"minecraft:coarse_dirt":1,"minecraft:raw_copper":4,"create:linked_controller":1,"minecraft:tuff":5,"minecraft:raw_iron":2,"spartanshields:diamond_basic_shield":1,"born_in_chaos_v1:spiritual_dust":142,"quark:light_blue_shard":2,"supplementaries:bamboo_spikes_tipped":10,"minecraft:filled_map":7,"create:rose_quartz_block":4,"minecraft:diamond_chestplate":2,"mowziesmobs:umvuthana_mask_misery":1,"minecraft:iron_chestplate":3,"minecraft:andesite":2,"minecraft:oak_sapling":1,"minecraft:oak_boat":1,"minecraft:slime_ball":35,"minecraft:stone_pickaxe":2,"minecraft:raw_gold":3,"minecraft:calcite":5,"minecraft:nautilus_shell":1,"supplementaries:candy":1},"minecraft:killed":{"minecraft:cave_spider":5,"born_in_chaos_v1:mr_pumpkin":7,"born_in_chaos_v1:zombie_lumberjack":1,"born_in_chaos_v1:sir_the_headless":1,"born_in_chaos_v1:pumpkin_spirit":1,"undead_revamp2:clogger":1,"born_in_chaos_v1:baby_skeleton_minion":1,"minecraft:skeleton":10,"undead_revamp2:deadclogger":1,"mowziesmobs:umvuthana_crane_player":5,"minecraft:chicken":2,"mowziesmobs:umvuthana_crane":17,"antlers:wendigo":1,"born_in_chaos_v1:supreme_bonescaller_stage_2":3,"minecraft:zombie":20,"born_in_chaos_v1:corpse_fly":1,"born_in_chaos_v1:door_knight":1,"endofherobrine:pigman":1,"minecraft:cow":4,"undead_revamp2:bomber":1,"born_in_chaos_v1:thornshell_crab":5,"born_in_chaos_v1:pumpkinhead":1,"graveyard:ghoul":1,"born_in_chaos_v1:bone_imp_minion":13,"undead_revamp2:the_moonflower":4,"born_in_chaos_v1:decrepit_skeleton":4,"undead_revamp2:thesomnolence":1,"born_in_chaos_v1:controlled_baby_skeleton":5,"endofherobrine:silverfish":6,"minecraft:zombified_piglin":20,"minecraft:witch":3,"minecraft:spider":16,"undead_revamp2:thesmoker":1,"quark:forgotten":4,"quark:crab":1,"minecraft:silverfish":11,"undead_revamp2:therod":2,"minecraft:piglin_brute":3,"born_in_chaos_v1:firelight_not_despawn":1,"minecraft:pig":6,"born_in_chaos_v1:diamond_termite":1,"minecraft:creeper":1,"minecraft:sheep":4,"antlers:wendigomad":3,"minecraft:stray":2,"cave_dweller:cave_dweller":1,"apollyon:the_damned":1,"minecraft:vex":2,"born_in_chaos_v1:zombie_clown_not_despawn":1,"born_in_chaos_v1:maggot":6,"minecraft:drowned":23,"born_in_chaos_v1:corpse_fish":1,"undead_revamp2:thehorrors":1,"undead_revamp2:sucker":1,"mowziesmobs:umvuthana":3,"born_in_chaos_v1:mr_pumpkin_controlled":1,"born_in_chaos_v1:baby_skeleton":1,"mowziesmobs:umvuthana_follower_raptor":2,"bosses_of_mass_destruction:void_blossom":1,"born_in_chaos_v1:bonescaller_not_despawn":1,"endofherobrine:sheep":8},"minecraft:used":{"minecraft:beetroot":4,"minecraft:poppy":5,"deeperdarker:warden_boots":1,"quark:flowering_azalea_leaf_carpet":30,"born_in_chaos_v1:smoked_flesh":2,"minecraft:lava_bucket":10,"minecraft:grass_block":236,"quark:cherry_leaf_carpet":33,"born_in_chaos_v1:mint_candy":2,"quark:rusty_iron_plate":1,"minecraft:bow":2,"supplementaries:ash":1,"minecraft:egg":2,"minecraft:wooden_pickaxe":6,"quark:flowering_azalea_hedge":3,"minecraft:golden_apple":3,"spartanshields:diamond_basic_shield":16,"born_in_chaos_v1:holiday_candy":7,"quark:vertical_oak_planks":11,"born_in_chaos_v1:infernal_evil_pumpkin":5,"born_in_chaos_v1:monster_flesh":1,"deeperdarker:warden_sword":22,"minecraft:spore_blossom":4,"born_in_chaos_v1:staffof_magic_arrows":5,"minecraft:diamond_sword":54,"minecraft:fire_charge":1,"minecraft:smithing_table":2,"minecraft:birch_log":1,"minecraft:oak_boat":1,"quark:cherry_hedge":8,"minecraft:iron_bars":51,"deeperdarker:warden_chestplate":1,"born_in_chaos_v1:siamese_skeletons_spawn_egg":2,"graveyard:dark_oak_coffin":5,"mowziesmobs:blowgun":27,"minecraft:netherrack":11,"minecraft:stick":6,"minecraft:torch":301,"minecraft:anvil":4,"born_in_chaos_v1:supreme_measure":2,"minecraft:iron_axe":203,"minecraft:glowstone":2,"minecraft:beef":2,"undead_revamp2:arapholia":1,"minecraft:acacia_planks":5,"gravestone:gravestone":2,"minecraft:water_bucket":1,"minecraft:birch_planks":10,"minecraft:deepslate_bricks":95,"quark:nether_brick_fence_gate":4,"minecraft:polished_blackstone_bricks":7,"minecraft:mossy_cobblestone":1,"minecraft:tnt":63,"minecraft:crafting_table":15,"minecraft:red_bed":1,"supplementaries:bomb":1,"minecraft:white_bed":3,"mowziesmobs:wrought_axe":22,"minecraft:oak_log":46,"minecraft:mud":72,"minecraft:diamond_pickaxe":60,"minecraft:diamond_shovel":25,"create:andesite_ladder":1,"minecraft:iron_pickaxe":230,"born_in_chaos_v1:staffofthe_summoner":126,"supplementaries:rope":2,"minecraft:cobblestone":90,"minecraft:potion":15,"minecraft:porkchop":10,"quark:oak_chest":2,"minecraft:iron_shovel":63,"minecraft:polished_deepslate":24,"minecraft:oak_sign":1,"minecraft:iron_sword":323,"dixtas_armory:stone_twinblade":135,"minecraft:iron_chestplate":2,"minecraft:mutton":5,"minecraft:carrot":2,"quark:vertical_spruce_planks":5,"create:light_blue_toolbox":2,"minecraft:obsidian":15,"graveyard:cobblestone_gravestone":2,"born_in_chaos_v1:corpse_maggot":3,"minecraft:mangrove_log":1,"mowziesmobs:umvuthana_mask_faith":1,"minecraft:lantern":1,"undead_revamp2:cloogerribs":2,"spartanshields:iron_basic_shield":1520,"minecraft:written_book":2,"born_in_chaos_v1:fel_lamp":6,"minecraft:stripped_spruce_wood":1,"minecraft:golden_boots":1,"minecraft:torchflower":2,"minecraft:stone_pickaxe":139,"minecraft:dark_oak_sign":4,"minecraft:oak_planks":451,"minecraft:ender_pearl":4,"minecraft:blue_bed":4,"dungeons_plus:warped_axe":4,"quark:azalea_wood":1,"minecraft:melon_slice":3,"minecraft:bread":41,"create:andesite_casing":1,"dixtas_armory:diamond_zweihander":404,"minecraft:andesite":12,"minecraft:experience_bottle":1,"minecraft:oak_fence":4,"minecraft:trident":3,"minecraft:flint_and_steel":16,"minecraft:stone_shovel":51,"undead_revamp2:blacpetalblock":1,"minecraft:spruce_planks":9,"minecraft:stripped_birch_wood":2,"minecraft:dirt":87,"dixtas_armory:stone_greatsword":64,"undead_revamp2:thehorrors_spawn_egg":2,"minecraft:red_tulip":3,"minecraft:iron_boots":1,"create:brown_toolbox":1,"minecraft:golden_carrot":2,"minecraft:enchanted_golden_apple":72,"minecraft:beetroot_soup":1,"minecraft:iron_leggings":2,"minecraft:dark_oak_hanging_sign":1,"minecraft:glass_bottle":3,"minecraft:birch_boat":1,"minecraft:spruce_sign":2,"born_in_chaos_v1:stimulating_decoction":1,"born_in_chaos_v1:supreme_bonescaller_spawn_egg":2,"supplementaries:raked_gravel":8,"born_in_chaos_v1:flaming_evil_pumpkin":1,"minecraft:flower_pot":11,"minecraft:apple":2,"minecraft:cracked_polished_blackstone_bricks":44,"quark:oak_hedge":7,"born_in_chaos_v1:magical_holiday_candy":50,"mowziesmobs:sol_visage":1,"minecraft:stone_axe":15,"minecraft:bucket":8,"quark:oak_leaf_carpet":77,"minecraft:yellow_bed":1,"deeperdarker:warden_leggings":1,"minecraft:smooth_stone":1},"minecraft:crafted":{"minecraft:oak_sign":3,"minecraft:birch_boat":1,"born_in_chaos_v1:spiny_shell_armor_chestplate":2,"minecraft:diamond_shovel":1,"minecraft:diamond_leggings":1,"sophisticatedbackpacks:copper_backpack":1,"gravestone:gravestone":2,"minecraft:smithing_table":1,"minecraft:copper_ingot":9,"quark:oak_chest":2,"spartanshields:wooden_basic_shield":4,"minecraft:stone_shovel":1,"dixtas_armory:wooden_greatsword":1,"minecraft:diamond":18,"minecraft:stone_pickaxe":2,"minecraft:diamond_boots":1,"sophisticatedbackpacks:gold_backpack":1,"minecraft:iron_shovel":1,"minecraft:iron_leggings":3,"minecraft:white_bed":1,"graveyard:cobblestone_gravestone":2,"minecraft:oak_planks":1168,"spartanshields:iron_basic_shield":2,"minecraft:iron_boots":3,"born_in_chaos_v1:fel_lamp":1,"minecraft:crafting_table":12,"minecraft:spruce_planks":28,"minecraft:wooden_pickaxe":1,"minecraft:iron_helmet":3,"dixtas_armory:stone_greatsword":1,"minecraft:birch_planks":20,"born_in_chaos_v1:staffofthe_summoner":2,"minecraft:iron_chestplate":2,"minecraft:diamond_pickaxe":1,"sophisticatedbackpacks:diamond_backpack":1,"minecraft:stick":42,"minecraft:iron_ingot":41,"minecraft:cherry_planks":4,"spartanshields:diamond_basic_shield":2,"born_in_chaos_v1:bone_handle":1,"sophisticatedbackpacks:iron_backpack":1,"minecraft:diamond_sword":1,"minecraft:stone_axe":1,"minecraft:torch":32,"minecraft:diamond_chestplate":1},"minecraft:killed_by":{"mowziesmobs:umvuthana_follower_raptor":1,"mowziesmobs:umvuthana":1,"born_in_chaos_v1:pumpkinhead":1,"minecraft:zombie":1,"minecraft:shulker":1,"born_in_chaos_v1:mr_pumpkin":3,"quark:forgotten":3,"born_in_chaos_v1:bone_imp_minion":3,"undead_revamp2:clogger":1,"mowziesmobs:umvuthi":9,"born_in_chaos_v1:supreme_bonescaller_stage_2":1,"antlers:wendigomad":2,"minecraft:player":5,"minecraft:spider":2,"mowziesmobs:ferrous_wroughtnaut":1,"antlers:wendigo":7},"minecraft:mined":{"minecraft:dark_oak_planks":1,"minecraft:white_bed":2,"create:andesite_casing":3,"quark:oak_leaf_carpet":1,"minecraft:obsidian":2,"cctvcraft:aluminum_ore":17,"minecraft:granite":4,"born_in_chaos_v1:dark_metal_deposit":2,"minecraft:deepslate_bricks":1,"create:item_vault":2,"minecraft:chiseled_stone_bricks":1,"minecraft:spawner":15,"minecraft:light_blue_stained_glass":1,"quark:hollow_birch_log":2,"minecraft:polished_blackstone_bricks":17,"minecraft:fire":16,"minecraft:pumpkin":3,"supplementaries:globe":1,"quark:azalea_wood":2,"minecraft:enchanting_table":2,"minecraft:cave_vines":1,"minecraft:polished_deepslate_slab":1,"minecraft:dirt_path":1,"minecraft:spruce_pressure_plate":5,"supplementaries:jar":1,"minecraft:deepslate_brick_stairs":1,"minecraft:iron_block":3,"create:cogwheel":2,"minecraft:red_bed":2,"minecraft:deepslate_tile_slab":1,"born_in_chaos_v1:infected_deepslate_diamond_ore":2,"minecraft:torch":1,"minecraft:dark_oak_wood":1,"minecraft:spruce_wall_sign":2,"minecraft:damaged_anvil":1,"bosses_of_mass_destruction:vine_wall":1,"create:cuckoo_clock":1,"deep_dark_regrowth:stone_tiles":1,"minecraft:mud":1,"minecraft:wheat":3,"minecraft:stone_brick_stairs":2,"minecraft:copper_block":5,"minecraft:grass":253,"born_in_chaos_v1:infernal_evil_pumpkin_s":2,"create:raw_zinc_block":1,"minecraft:deepslate":18,"supplementaries:clock_block":1,"minecraft:mossy_cobblestone":8,"minecraft:stripped_birch_log":1,"minecraft:cobbled_deepslate_slab":2,"minecraft:dark_oak_fence":4,"born_in_chaos_v1:black_argillite_brick_wall":1,"minecraft:spruce_fence":3,"born_in_chaos_v1:flaming_evil_pumpkin":1,"create:encased_fan":25,"minecraft:moss_block":7,"bosses_of_mass_destruction:void_blossom":9,"supplementaries:bamboo_spikes":19,"minecraft:snow":1,"minecraft:andesite":13,"minecraft:diamond_block":2,"minecraft:vine":1,"minecraft:brain_coral":1,"minecraft:smithing_table":1,"minecraft:light_gray_carpet":1,"minecraft:mangrove_wood":1,"supplementaries:item_shelf":4,"minecraft:copper_ore":15,"minecraft:tall_grass":53,"create:rose_quartz_block":4,"endofherobrine:mossy_stone_bricks":3,"minecraft:diorite":2,"minecraft:coarse_dirt":8,"create:gearbox":2,"minecraft:white_carpet":1,"minecraft:spruce_log":1,"minecraft:birch_leaves":5,"deep_dark_regrowth:time_capsule_open":2,"create:mechanical_drill":12,"quark:rusty_iron_plate":1,"minecraft:gravel":36,"minecraft:cobweb":8,"minecraft:stone_bricks":4,"create:light_blue_seat":1,"minecraft:fern":21,"undead_revamp2:arapholia":2,"create:deepslate_zinc_ore":5,"minecraft:spruce_planks":3,"quark:orange_blossom_leaves":4,"minecraft:grass_block":56,"minecraft:mangrove_fence":2,"minecraft:cracked_polished_blackstone_bricks":11,"quark:acacia_bookshelf":2,"minecraft:stripped_warped_hyphae":1,"minecraft:smooth_stone":1,"minecraft:raw_iron_block":5,"minecraft:iron_ore":2,"quark:glowberry_sack":1,"minecraft:black_carpet":3,"minecraft:anvil":1,"minecraft:dark_oak_stairs":1,"supplementaries:stick":1,"minecraft:iron_bars":11,"minecraft:azalea":2,"minecraft:spruce_slab":1,"quark:blossom_bookshelf":4,"minecraft:calcite":2,"minecraft:poppy":1,"minecraft:cobblestone":30,"minecraft:oak_planks":24,"minecraft:iron_door":1,"minecraft:wall_torch":3,"supplementaries:hourglass":1,"minecraft:birch_log":6,"born_in_chaos_v1:fired_black_argillite":1,"supplementaries:flint_block":1,"minecraft:tnt":14,"create:zinc_block":3,"minecraft:oak_log":19,"minecraft:dirt":71,"structure_gel:dynamic_spawner":5,"graveyard:small_cyan_urn":1,"minecraft:wither_skeleton_skull":1,"minecraft:raw_copper_block":3,"minecraft:netherrack":5,"minecraft:oak_leaves":27,"minecraft:diamond_ore":1,"minecraft:tuff":5,"minecraft:deepslate_diamond_ore":5,"born_in_chaos_v1:infected_diamond_ore":1,"gravestone:gravestone":37,"create:large_cogwheel":1,"born_in_chaos_v1:infernal_evil_pumpkin":4,"minecraft:polished_andesite_slab":3,"minecraft:large_fern":1,"minecraft:deepslate_brick_slab":4,"minecraft:dead_brain_coral":1,"minecraft:potted_dark_oak_sapling":1,"quark:azalea_leaf_carpet":1,"minecraft:stripped_spruce_log":27,"supplementaries:bellows":1,"minecraft:gold_block":3,"minecraft:bookshelf":6,"minecraft:stone":59,"minecraft:flowering_azalea":2,"supplementaries:statue":1,"born_in_chaos_v1:marigolds":1,"minecraft:oak_fence":4,"quark:spruce_bookshelf":5,"minecraft:crafting_table":6,"minecraft:andesite_slab":1,"supplementaries:sack":5,"supplementaries:cage":1,"minecraft:blue_bed":5,"supplementaries:urn":5,"minecraft:birch_planks":1,"antlers:sheep_corpse":3,"minecraft:ice":3,"minecraft:yellow_bed":1,"minecraft:coal_ore":12,"minecraft:gray_carpet":2,"create:brass_block":3,"minecraft:cracked_stone_bricks":5,"minecraft:polished_andesite":1}},"DataVersion":3465}