{"stats":{"minecraft:custom":{"minecraft:interact_with_anvil":2,"minecraft:mob_kills":102,"minecraft:interact_with_crafting_table":28,"minecraft:open_barrel":47,"minecraft:damage_dealt_resisted":3047,"minecraft:leave_game":22,"minecraft:time_since_death":9254,"minecraft:climb_one_cm":1306,"minecraft:damage_resisted":346,"minecraft:sprint_one_cm":289127,"minecraft:walk_one_cm":598672,"minecraft:damage_blocked_by_shield":2690,"minecraft:drop":197,"minecraft:talked_to_villager":2,"minecraft:play_time":325506,"minecraft:sneak_time":6997,"minecraft:deaths":30,"minecraft:walk_under_water_one_cm":14194,"minecraft:boat_one_cm":20,"minecraft:jump":3134,"minecraft:interact_with_brewingstand":2,"minecraft:walk_on_water_one_cm":33617,"minecraft:total_world_time":325506,"minecraft:interact_with_furnace":2,"spartanshields:shield_bash_hits":3,"minecraft:sleep_in_bed":5,"minecraft:time_since_rest":9282,"minecraft:damage_absorbed":80,"minecraft:damage_taken":10901,"minecraft:trigger_trapped_chest":3,"minecraft:damage_dealt":17322,"minecraft:swim_one_cm":13067,"minecraft:fly_one_cm":808635,"minecraft:player_kills":3,"minecraft:open_chest":27,"minecraft:crouch_one_cm":13394,"minecraft:fall_one_cm":89097},"minecraft:used":{"minecraft:beetroot":4,"minecraft:iron_bars":7,"minecraft:iron_shovel":7,"minecraft:flint_and_steel":3,"deeperdarker:warden_chestplate":1,"minecraft:stone_shovel":51,"undead_revamp2:blacpetalblock":1,"deeperdarker:warden_boots":1,"minecraft:spruce_planks":2,"mowziesmobs:blowgun":22,"minecraft:iron_sword":246,"minecraft:stripped_birch_wood":2,"minecraft:stick":6,"dixtas_armory:stone_twinblade":135,"minecraft:iron_chestplate":1,"minecraft:torch":19,"minecraft:dirt":14,"minecraft:mutton":5,"minecraft:anvil":2,"create:light_blue_toolbox":2,"dixtas_armory:stone_greatsword":64,"born_in_chaos_v1:corpse_maggot":2,"born_in_chaos_v1:smoked_flesh":2,"minecraft:lava_bucket":8,"mowziesmobs:umvuthana_mask_faith":1,"minecraft:lantern":1,"minecraft:iron_axe":98,"born_in_chaos_v1:mint_candy":2,"minecraft:iron_boots":1,"minecraft:golden_carrot":1,"minecraft:beef":2,"spartanshields:iron_basic_shield":1514,"minecraft:written_book":2,"undead_revamp2:arapholia":1,"minecraft:egg":1,"minecraft:beetroot_soup":1,"minecraft:iron_leggings":1,"minecraft:water_bucket":1,"minecraft:birch_planks":6,"minecraft:stone_pickaxe":139,"minecraft:oak_planks":211,"minecraft:wooden_pickaxe":6,"minecraft:birch_boat":1,"born_in_chaos_v1:stimulating_decoction":1,"minecraft:golden_apple":2,"minecraft:tnt":60,"minecraft:crafting_table":8,"minecraft:white_bed":3,"born_in_chaos_v1:holiday_candy":5,"born_in_chaos_v1:flaming_evil_pumpkin":1,"minecraft:oak_log":46,"born_in_chaos_v1:infernal_evil_pumpkin":5,"minecraft:apple":2,"born_in_chaos_v1:monster_flesh":1,"minecraft:melon_slice":3,"minecraft:bread":33,"minecraft:iron_pickaxe":32,"deeperdarker:warden_sword":22,"born_in_chaos_v1:staffofthe_summoner":9,"supplementaries:rope":2,"mowziesmobs:sol_visage":1,"minecraft:stone_axe":15,"minecraft:cobblestone":86,"minecraft:potion":1,"minecraft:porkchop":10,"minecraft:bucket":6,"minecraft:andesite":12,"minecraft:birch_log":1,"deeperdarker:warden_leggings":1},"minecraft:killed_by":{"minecraft:player":1,"born_in_chaos_v1:mr_pumpkin":3,"minecraft:spider":2,"mowziesmobs:umvuthana_follower_raptor":1,"born_in_chaos_v1:bone_imp_minion":3,"undead_revamp2:clogger":1,"mowziesmobs:umvuthi":9,"minecraft:shulker":1,"mowziesmobs:umvuthana":1,"born_in_chaos_v1:supreme_bonescaller_stage_2":1,"antlers:wendigo":3,"antlers:wendigomad":2},"minecraft:crafted":{"minecraft:cherry_planks":4,"minecraft:oak_planks":372,"minecraft:stone_shovel":1,"minecraft:birch_boat":1,"dixtas_armory:wooden_greatsword":1,"spartanshields:iron_basic_shield":2,"minecraft:iron_boots":1,"minecraft:stone_pickaxe":2,"minecraft:crafting_table":8,"minecraft:spruce_planks":28,"minecraft:iron_helmet":1,"minecraft:wooden_pickaxe":1,"dixtas_armory:stone_greatsword":1,"minecraft:birch_planks":16,"minecraft:stone_axe":1,"born_in_chaos_v1:staffofthe_summoner":1,"minecraft:iron_chestplate":1,"minecraft:stick":26,"minecraft:iron_ingot":41,"minecraft:iron_leggings":1,"spartanshields:wooden_basic_shield":3,"minecraft:white_bed":1,"minecraft:torch":32},"minecraft:killed":{"endofherobrine:silverfish":6,"born_in_chaos_v1:mr_pumpkin":3,"born_in_chaos_v1:zombie_clown_not_despawn":1,"minecraft:spider":7,"undead_revamp2:thesmoker":1,"born_in_chaos_v1:maggot":4,"mowziesmobs:umvuthana_crane_player":1,"minecraft:skeleton":4,"minecraft:chicken":2,"mowziesmobs:umvuthana_crane":17,"undead_revamp2:therod":2,"born_in_chaos_v1:supreme_bonescaller_stage_2":1,"undead_revamp2:sucker":1,"born_in_chaos_v1:firelight_not_despawn":1,"mowziesmobs:umvuthana":3,"minecraft:pig":6,"born_in_chaos_v1:bone_imp_minion":4,"born_in_chaos_v1:baby_skeleton":1,"undead_revamp2:the_moonflower":4,"mowziesmobs:umvuthana_follower_raptor":2,"minecraft:creeper":1,"born_in_chaos_v1:decrepit_skeleton":3,"minecraft:sheep":4,"minecraft:zombie":2,"born_in_chaos_v1:corpse_fly":1,"endofherobrine:sheep":8,"born_in_chaos_v1:door_knight":1,"endofherobrine:pigman":1,"apollyon:the_damned":1,"minecraft:cow":4},"minecraft:broken":{"mowziesmobs:umvuthana_mask_faith":1},"minecraft:picked_up":{"minecraft:coarse_dirt":1,"minecraft:crafting_table":6,"minecraft:wheat":8,"minecraft:chicken":2,"create:light_blue_seat":1,"minecraft:lead":2,"minecraft:wooden_pickaxe":1,"minecraft:wither_rose":1,"gravestone:obituary":11,"minecraft:string":15,"supplementaries:globe":1,"minecraft:moss_carpet":2,"minecraft:raw_copper":147,"minecraft:iron_axe":1,"minecraft:iron_leggings":1,"supplementaries:statue":1,"born_in_chaos_v1:intoxicating_decoction":1,"minecraft:cracked_stone_bricks":1,"deeperdarker:warden_sword":1,"minecraft:beef":7,"minecraft:poppy":1,"supplementaries:cage":1,"minecraft:egg":1,"supplementaries:enderman_head":1,"minecraft:stick":21,"minecraft:raw_iron":2,"minecraft:copper_ingot":5,"minecraft:torch":4,"sophisticatedbackpacks:backpack":2,"minecraft:porkchop":10,"quark:oak_leaf_carpet":1,"minecraft:mangrove_trapdoor":1,"mowziesmobs:umvuthana_mask_faith":27,"minecraft:tnt":14,"minecraft:arrow":6,"minecraft:stone_shovel":2,"minecraft:rotten_flesh":43,"supplementaries:ash":3,"minecraft:mutton":6,"minecraft:iron_bars":9,"undead_revamp2:arapholia":2,"minecraft:white_wool":4,"minecraft:cobblestone":123,"mowziesmobs:grant_suns_blessing":1,"minecraft:birch_log":5,"born_in_chaos_v1:corpse_maggot":4,"born_in_chaos_v1:staffof_magic_arrows":3,"born_in_chaos_v1:infernal_evil_pumpkin":3,"minecraft:feather":14,"minecraft:dark_oak_button":1,"born_in_chaos_v1:spiritual_dust":7,"minecraft:andesite":15,"minecraft:leather":2,"minecraft:birch_planks":5,"minecraft:oak_log":691,"minecraft:yellow_bed":1,"minecraft:wither_skeleton_skull":1,"mowziesmobs:wrought_axe":1,"minecraft:mangrove_slab":1,"minecraft:dirt":109,"minecraft:lantern":3,"man:cassette_1safetyinstructions":2,"dixtas_armory:stone_greatsword":2,"minecraft:piglin_head":2,"minecraft:mangrove_fence":2,"minecraft:bone":22,"mowziesmobs:umvuthana_mask_rage":4,"minecraft:apple":1,"undead_revamp2:blacpetalblock":2,"minecraft:wheat_seeds":42,"minecraft:deepslate_brick_slab":1,"minecraft:iron_ingot":2,"minecraft:stone_pickaxe":2,"mowziesmobs:umvuthana_mask_misery":1,"minecraft:oak_planks":142,"born_in_chaos_v1:mint_candy":1,"cctvcraft:raw_aluminum":23,"minecraft:book":51,"minecraft:birch_boat":1,"minecraft:pumpkin":3,"supplementaries:sack":5,"born_in_chaos_v1:orbofthe_summoner":3,"minecraft:dandelion":1,"minecraft:stripped_spruce_log":24,"minecraft:white_bed":2,"cctvcraft:aluminum_ingot":16,"minecraft:spider_eye":5,"minecraft:mossy_cobblestone":1,"born_in_chaos_v1:fire_dust":1,"minecraft:light_blue_terracotta":2,"minecraft:stone_axe":2,"quark:hollow_birch_log":1,"minecraft:bread":213,"mowziesmobs:umvuthana_mask_fear":2,"minecraft:light_gray_carpet":1,"minecraft:dark_oak_fence":2,"minecraft:coal":33},"minecraft:mined":{"undead_revamp2:arapholia":2,"minecraft:white_bed":2,"quark:orange_blossom_leaves":4,"minecraft:mossy_cobblestone":2,"minecraft:dark_oak_fence":2,"quark:oak_leaf_carpet":1,"cctvcraft:aluminum_ore":16,"gravestone:gravestone":22,"minecraft:grass_block":22,"minecraft:mangrove_fence":2,"born_in_chaos_v1:flaming_evil_pumpkin":1,"born_in_chaos_v1:infernal_evil_pumpkin":4,"quark:acacia_bookshelf":2,"minecraft:spawner":4,"quark:hollow_birch_log":2,"minecraft:deepslate_brick_slab":1,"minecraft:potted_dark_oak_sapling":1,"minecraft:iron_ore":2,"minecraft:fire":1,"minecraft:andesite":13,"minecraft:stripped_spruce_log":25,"minecraft:pumpkin":3,"supplementaries:globe":1,"minecraft:bookshelf":6,"supplementaries:stick":1,"minecraft:cave_vines":1,"minecraft:vine":1,"minecraft:iron_bars":11,"minecraft:stone":53,"quark:blossom_bookshelf":4,"supplementaries:statue":1,"quark:spruce_bookshelf":5,"minecraft:crafting_table":5,"minecraft:torch":1,"minecraft:poppy":1,"supplementaries:sack":5,"minecraft:copper_ore":15,"minecraft:tall_grass":29,"minecraft:cobblestone":28,"minecraft:oak_planks":21,"endofherobrine:mossy_stone_bricks":3,"minecraft:wall_torch":2,"supplementaries:cage":1,"supplementaries:urn":2,"minecraft:birch_planks":1,"minecraft:coarse_dirt":4,"antlers:sheep_corpse":3,"minecraft:birch_log":6,"born_in_chaos_v1:fired_black_argillite":1,"minecraft:birch_leaves":2,"minecraft:tnt":14,"minecraft:yellow_bed":1,"minecraft:grass":192,"minecraft:oak_log":19,"minecraft:coal_ore":11,"minecraft:dirt":56,"minecraft:cracked_stone_bricks":2,"minecraft:wither_skeleton_skull":1,"minecraft:oak_leaves":14,"create:light_blue_seat":1,"minecraft:fern":21},"minecraft:dropped":{"mowziesmobs:dart":219,"minecraft:bread":227,"minecraft:iron_sword":1,"born_in_chaos_v1:mint_candy":2,"minecraft:wheat_seeds":26,"dixtas_armory:wooden_greatsword":1,"mowziesmobs:grant_suns_blessing":1,"mowziesmobs:blowgun":1,"minecraft:iron_helmet":1,"minecraft:cobblestone":4,"born_in_chaos_v1:orbofthe_summoner":2,"minecraft:lantern":2,"deeperdarker:warden_sword":1,"spartanshields:iron_basic_shield":2,"mowziesmobs:wrought_axe":1,"dixtas_armory:stone_twinblade":1,"minecraft:stick":3,"cctvcraft:aluminum_ingot":16,"minecraft:torch":4,"minecraft:zombie_head":1,"minecraft:potion":1,"minecraft:iron_leggings":1,"gravestone:obituary":30,"minecraft:iron_axe":2,"minecraft:sugar":1,"born_in_chaos_v1:staffof_magic_arrows":3,"minecraft:string":5,"minecraft:bone":4,"minecraft:stone_axe":2,"minecraft:creeper_head":1,"minecraft:coarse_dirt":1,"minecraft:wheat":1,"minecraft:chicken":1,"minecraft:rotten_flesh":2,"minecraft:oak_planks":32,"minecraft:iron_boots":1,"sophisticatedbackpacks:backpack":4,"minecraft:name_tag":1,"born_in_chaos_v1:spiritual_dust":72,"supplementaries:enderman_head":1,"minecraft:pumpkin_seeds":2,"minecraft:potato":1,"minecraft:diamond_chestplate":1,"mowziesmobs:umvuthana_mask_misery":1,"minecraft:iron_chestplate":1,"minecraft:melon_seeds":1,"minecraft:spider_eye":2,"minecraft:stone_pickaxe":2}},"DataVersion":3465}