{"stats":{"minecraft:mined":{"minecraft:andesite":7,"minecraft:torch":1,"minecraft:crafting_table":2,"supplementaries:stick":1,"minecraft:grass":1,"minecraft:oak_log":5,"minecraft:coal_ore":11,"minecraft:grass_block":3,"minecraft:dirt":27,"minecraft:copper_ore":15,"minecraft:cobblestone":1,"minecraft:stone":49,"minecraft:oak_planks":1,"minecraft:oak_leaves":9,"minecraft:wall_torch":2},"minecraft:crafted":{"minecraft:oak_planks":82,"minecraft:stone_shovel":1,"minecraft:crafting_table":3,"minecraft:stick":14,"minecraft:wooden_pickaxe":1,"minecraft:stone_pickaxe":2,"dixtas_armory:stone_greatsword":1,"dixtas_armory:wooden_greatsword":1,"minecraft:torch":4,"minecraft:stone_axe":1},"minecraft:dropped":{"dixtas_armory:wooden_greatsword":1,"minecraft:stone_pickaxe":1,"mowziesmobs:wrought_axe":1},"minecraft:picked_up":{"minecraft:stick":5,"minecraft:crafting_table":2,"minecraft:andesite":7,"minecraft:torch":3,"minecraft:oak_log":5,"mowziesmobs:wrought_axe":1,"minecraft:dirt":30,"minecraft:raw_copper":49,"minecraft:oak_planks":1,"minecraft:coal":11,"minecraft:cobblestone":50},"minecraft:used":{"minecraft:stone_shovel":18,"minecraft:stone_pickaxe":79,"minecraft:oak_planks":8,"minecraft:wooden_pickaxe":6,"minecraft:stick":1,"minecraft:stone_axe":2,"minecraft:torch":7,"minecraft:cobblestone":24,"minecraft:crafting_table":3,"minecraft:andesite":7},"minecraft:custom":{"minecraft:time_since_rest":36960,"minecraft:sprint_one_cm":3053,"minecraft:damage_taken":30,"minecraft:walk_one_cm":37695,"minecraft:drop":3,"minecraft:damage_dealt":60,"minecraft:interact_with_crafting_table":8,"minecraft:fly_one_cm":3555,"minecraft:crouch_one_cm":1027,"minecraft:play_time":36960,"minecraft:sneak_time":360,"minecraft:jump":82,"minecraft:leave_game":16,"minecraft:time_since_death":36960,"minecraft:total_world_time":36960,"minecraft:fall_one_cm":1640}},"DataVersion":3465}