{
  "idas:idas_root": {
    "criteria": {
      "always": "2024-07-18 02:38:55 +0000"
    },
    "done": true
  },
  "mowziesmobs:root": {
    "criteria": {
      "custom_test_name": "2024-07-18 02:38:55 +0000"
    },
    "done": true
  },
  "dungeons_arise:wda_root": {
    "criteria": {
      "WDA": "2024-07-18 02:38:55 +0000"
    },
    "done": true
  },
  "undead_revamp2:theundeadchallenges": {
    "criteria": {
      "theundeadchallenges": "2024-07-18 02:38:55 +0000"
    },
    "done": true
  },
  "born_in_chaos_v1:bornin_chaos": {
    "criteria": {
      "bornin_chaos_0": "2024-07-18 02:38:55 +0000"
    },
    "done": true
  },
  "minecraft:adventure/adventuring_time": {
    "criteria": {
      "minecraft:deep_ocean": "2024-07-19 21:03:02 +0000",
      "minecraft:birch_forest": "2024-07-18 05:30:12 +0000",
      "minecraft:beach": "2024-07-18 04:11:07 +0000",
      "minecraft:dark_forest": "2024-07-18 21:30:53 +0000",
      "minecraft:sparse_jungle": "2024-07-19 20:28:58 +0000",
      "minecraft:river": "2024-07-18 04:06:22 +0000",
      "minecraft:lukewarm_ocean": "2024-07-19 21:35:38 +0000",
      "minecraft:forest": "2024-07-18 02:38:56 +0000",
      "minecraft:ocean": "2024-07-19 21:01:45 +0000",
      "minecraft:jungle": "2024-07-19 22:18:27 +0000",
      "minecraft:windswept_savanna": "2024-07-18 04:12:46 +0000",
      "minecraft:deep_lukewarm_ocean": "2024-07-19 21:35:10 +0000",
      "minecraft:old_growth_birch_forest": "2024-07-18 05:30:06 +0000",
      "minecraft:savanna": "2024-07-18 03:49:51 +0000",
      "minecraft:plains": "2024-07-18 04:06:26 +0000"
    },
    "done": false
  },
  "create:root": {
    "criteria": {
      "0": "2024-07-18 02:40:06 +0000"
    },
    "done": true
  },
  "endofherobrine:story/root": {
    "criteria": {
      "requirement": "2024-07-18 02:41:20 +0000"
    },
    "done": true
  },
  "minecraft:story/mine_stone": {
    "criteria": {
      "get_stone": "2024-07-18 02:44:45 +0000"
    },
    "done": true
  },
  "minecraft:story/upgrade_tools": {
    "criteria": {
      "stone_pickaxe": "2024-07-18 02:45:40 +0000"
    },
    "done": true
  },
  "apollyon:apollyon": {
    "criteria": {
      "apollyon": "2024-07-18 03:13:53 +0000"
    },
    "done": true
  },
  "minecraft:adventure/root": {
    "criteria": {
      "killed_something": "2024-07-18 03:44:51 +0000"
    },
    "done": true
  },
  "minecraft:story/root": {
    "criteria": {
      "crafting_table": "2024-07-18 04:07:49 +0000"
    },
    "done": true
  },
  "quark:crawl_in_hollow_log": {
    "criteria": {
      "crawl_in_hollow_log": "2024-07-18 04:09:00 +0000"
    },
    "done": true
  },
  "minecraft:husbandry/root": {
    "criteria": {
      "consumed_item": "2024-07-18 04:16:50 +0000"
    },
    "done": true
  },
  "minecraft:husbandry/balanced_diet": {
    "criteria": {
      "cooked_porkchop": "2024-07-19 19:52:10 +0000",
      "chicken": "2024-07-18 04:59:15 +0000",
      "sweet_berries": "2024-07-18 04:17:06 +0000",
      "porkchop": "2024-07-18 04:52:52 +0000",
      "bread": "2024-07-18 21:37:30 +0000",
      "cooked_salmon": "2024-07-18 04:38:09 +0000",
      "carrot": "2024-07-18 05:09:37 +0000"
    },
    "done": false
  },
  "born_in_chaos_v1:dark_metallurgy": {
    "criteria": {
      "dark_metallurgy_0": "2024-07-18 04:18:14 +0000"
    },
    "done": true
  },
  "antlers:jerkeyadvance": {
    "criteria": {
      "jerkeyadvance": "2024-07-18 04:28:28 +0000"
    },
    "done": true
  },
  "minecraft:adventure/kill_all_mobs": {
    "criteria": {
      "minecraft:pillager": "2024-07-19 22:15:14 +0000",
      "minecraft:skeleton": "2024-07-19 22:07:21 +0000",
      "minecraft:spider": "2024-07-18 21:43:29 +0000",
      "quark:forgotten": "2024-07-19 22:49:25 +0000",
      "minecraft:shulker": "2024-07-19 19:47:01 +0000",
      "minecraft:cave_spider": "2024-07-18 21:43:31 +0000",
      "minecraft:piglin": "2024-07-19 22:13:38 +0000",
      "minecraft:stray": "2024-07-18 21:45:06 +0000",
      "minecraft:zombie": "2024-07-18 04:28:31 +0000",
      "minecraft:drowned": "2024-07-19 21:21:06 +0000"
    },
    "done": false
  },
  "minecraft:adventure/kill_a_mob": {
    "criteria": {
      "minecraft:zombie": "2024-07-18 04:28:31 +0000"
    },
    "done": true
  },
  "mowziesmobs:sneak_grove": {
    "criteria": {
      "steal_crystal": "2024-07-18 04:41:59 +0000"
    },
    "done": true
  },
  "idas:redhorn_guild": {
    "criteria": {
      "in_redhorn_guild": "2024-07-18 05:10:43 +0000"
    },
    "done": true
  },
  "minecraft:story/obtain_armor": {
    "criteria": {
      "iron_leggings": "2024-07-18 05:11:56 +0000"
    },
    "done": true
  },
  "man:feelingwatched": {
    "criteria": {
      "feelingwatched": "2024-07-18 05:33:44 +0000"
    },
    "done": true
  },
  "quark:get_all_blossom_saplings": {
    "criteria": {
      "red": "2024-07-18 21:12:47 +0000"
    },
    "done": false
  },
  "minecraft:adventure/sleep_in_bed": {
    "criteria": {
      "slept_in_bed": "2024-07-18 21:27:34 +0000"
    },
    "done": true
  },
  "minecraft:story/deflect_arrow": {
    "criteria": {
      "deflected_projectile": "2024-07-18 21:45:22 +0000"
    },
    "done": true
  },
  "born_in_chaos_v1:bowfor_wizards": {
    "criteria": {
      "bowfor_wizards_0": "2024-07-18 22:17:23 +0000"
    },
    "done": true
  },
  "cctvcraft:cctvcraft": {
    "criteria": {
      "cctvcraft": "2024-07-19 19:53:18 +0000"
    },
    "done": true
  },
  "undead_revamp2:parry": {
    "criteria": {
      "parry": "2024-07-19 19:56:53 +0000"
    },
    "done": true
  },
  "create:copper": {
    "criteria": {
      "0": "2024-07-19 19:57:00 +0000"
    },
    "done": true
  },
  "cctvcraft:light_metal": {
    "criteria": {
      "light_metal": "2024-07-19 20:02:39 +0000"
    },
    "done": true
  },
  "minecraft:story/shiny_gear": {
    "criteria": {
      "diamond_chestplate": "2024-07-19 20:28:00 +0000"
    },
    "done": true
  },
  "apollyon:it_has_begun": {
    "criteria": {
      "it_has_begun": "2024-07-19 20:39:49 +0000"
    },
    "done": true
  },
  "apollyon:condemned_to_die": {
    "criteria": {
      "condemned_to_die": "2024-07-19 20:39:49 +0000"
    },
    "done": true
  },
  "dungeons_plus:adventure/find_warped_garden": {
    "criteria": {
      "in_structure": "2024-07-19 21:04:58 +0000"
    },
    "done": true
  },
  "minecraft:adventure/voluntary_exile": {
    "criteria": {
      "voluntary_exile": "2024-07-19 22:15:56 +0000"
    },
    "done": true
  },
  "minecraft:husbandry/tame_an_animal": {
    "criteria": {
      "tamed_animal": "2024-07-19 23:46:46 +0000"
    },
    "done": true
  },
  "dungeons_arise:find_lighthouse": {
    "criteria": {
      "location0": "2024-07-19 22:08:52 +0000"
    },
    "done": true
  },
  "minecraft:story/iron_tools": {
    "criteria": {
      "iron_pickaxe": "2024-07-19 22:30:28 +0000"
    },
    "done": true
  },
  "quark:get_forgotten_hat": {
    "criteria": {
      "get_forgotten_hat": "2024-07-19 22:52:13 +0000"
    },
    "done": true
  },
  "dungeons_arise:find_mushroom_house": {
    "criteria": {
      "location0": "2024-07-19 22:13:20 +0000"
    },
    "done": true
  },
  "idas:enchantingtower": {
    "criteria": {
      "in_enchantingtower": "2024-07-19 23:44:36 +0000"
    },
    "done": true
  },
  "idas:tinkers_workshop": {
    "criteria": {
      "in_tinkers_workshop": "2024-07-19 22:38:23 +0000"
    },
    "done": true
  },
  "minecraft:story/smelt_iron": {
    "criteria": {
      "iron": "2024-07-20 00:11:10 +0000"
    },
    "done": true
  },
  "DataVersion": 3465
}