{
  "create:root": {
    "criteria": {
      "0": "2024-07-18 02:30:34 +0000"
    },
    "done": true
  },
  "idas:idas_root": {
    "criteria": {
      "always": "2024-07-18 02:30:35 +0000"
    },
    "done": true
  },
  "mowziesmobs:root": {
    "criteria": {
      "custom_test_name": "2024-07-18 02:30:35 +0000"
    },
    "done": true
  },
  "dungeons_arise:wda_root": {
    "criteria": {
      "WDA": "2024-07-18 02:30:35 +0000"
    },
    "done": true
  },
  "undead_revamp2:theundeadchallenges": {
    "criteria": {
      "theundeadchallenges": "2024-07-18 02:30:35 +0000"
    },
    "done": true
  },
  "born_in_chaos_v1:bornin_chaos": {
    "criteria": {
      "bornin_chaos_0": "2024-07-18 02:30:35 +0000"
    },
    "done": true
  },
  "minecraft:adventure/adventuring_time": {
    "criteria": {
      "minecraft:birch_forest": "2024-07-18 05:29:54 +0000",
      "minecraft:beach": "2024-07-18 03:48:38 +0000",
      "minecraft:dark_forest": "2024-07-18 21:30:54 +0000",
      "minecraft:river": "2024-07-18 04:06:22 +0000",
      "minecraft:forest": "2024-07-18 02:30:37 +0000",
      "minecraft:windswept_savanna": "2024-07-18 04:12:51 +0000",
      "minecraft:old_growth_birch_forest": "2024-07-18 05:29:47 +0000",
      "minecraft:savanna": "2024-07-18 03:46:58 +0000",
      "minecraft:plains": "2024-07-18 04:06:25 +0000"
    },
    "done": false
  },
  "endofherobrine:story/root": {
    "criteria": {
      "requirement": "2024-07-18 02:30:46 +0000"
    },
    "done": true
  },
  "minecraft:story/root": {
    "criteria": {
      "crafting_table": "2024-07-18 02:31:39 +0000"
    },
    "done": true
  },
  "quark:get_forgotten_hat": {
    "criteria": {
      "get_forgotten_hat": "2024-07-18 02:33:27 +0000"
    },
    "done": true
  },
  "minecraft:story/mine_stone": {
    "criteria": {
      "get_stone": "2024-07-18 02:41:32 +0000"
    },
    "done": true
  },
  "minecraft:story/upgrade_tools": {
    "criteria": {
      "stone_pickaxe": "2024-07-18 02:42:33 +0000"
    },
    "done": true
  },
  "apollyon:apollyon": {
    "criteria": {
      "apollyon": "2024-07-18 02:50:15 +0000"
    },
    "done": true
  },
  "minecraft:adventure/root": {
    "criteria": {
      "killed_something": "2024-07-18 03:43:05 +0000"
    },
    "done": true
  },
  "minecraft:husbandry/balanced_diet": {
    "criteria": {
      "beef": "2024-07-18 04:54:05 +0000",
      "porkchop": "2024-07-18 03:48:17 +0000",
      "beetroot_soup": "2024-07-18 05:28:46 +0000",
      "apple": "2024-07-18 05:28:31 +0000",
      "mutton": "2024-07-18 04:11:21 +0000",
      "golden_apple": "2024-07-18 04:28:25 +0000",
      "bread": "2024-07-18 21:33:16 +0000",
      "melon_slice": "2024-07-18 04:28:17 +0000",
      "golden_carrot": "2024-07-18 05:15:13 +0000",
      "beetroot": "2024-07-18 21:01:48 +0000"
    },
    "done": false
  },
  "minecraft:husbandry/root": {
    "criteria": {
      "consumed_item": "2024-07-18 03:48:17 +0000"
    },
    "done": true
  },
  "quark:crawl_in_hollow_log": {
    "criteria": {
      "crawl_in_hollow_log": "2024-07-18 04:08:36 +0000"
    },
    "done": true
  },
  "graveyard:graveyard/root": {
    "criteria": {
      "grave_03": "2024-07-18 04:12:15 +0000"
    },
    "done": true
  },
  "born_in_chaos_v1:bypassingthe_expiration_date": {
    "criteria": {
      "bypassingthe_expiration_date_0": "2024-07-18 04:17:59 +0000"
    },
    "done": true
  },
  "create:copper": {
    "criteria": {
      "0": "2024-07-18 04:18:05 +0000"
    },
    "done": true
  },
  "undead_revamp2:parry": {
    "criteria": {
      "parry": "2024-07-18 04:18:05 +0000"
    },
    "done": true
  },
  "minecraft:adventure/kill_all_mobs": {
    "criteria": {
      "minecraft:skeleton": "2024-07-18 04:18:31 +0000",
      "minecraft:spider": "2024-07-18 05:31:04 +0000",
      "minecraft:creeper": "2024-07-19 19:37:48 +0000",
      "minecraft:zombie": "2024-07-18 05:32:51 +0000"
    },
    "done": false
  },
  "minecraft:adventure/kill_a_mob": {
    "criteria": {
      "minecraft:skeleton": "2024-07-18 04:18:31 +0000"
    },
    "done": true
  },
  "deeperdarker:main/warden_armor": {
    "criteria": {
      "warden_armor": "2024-07-18 04:26:45 +0000"
    },
    "done": true
  },
  "man:feelingwatched": {
    "criteria": {
      "feelingwatched": "2024-07-18 04:27:11 +0000"
    },
    "done": true
  },
  "apollyon:back_to_hell": {
    "criteria": {
      "back_to_hell": "2024-07-18 04:28:48 +0000"
    },
    "done": true
  },
  "cctvcraft:cctvcraft": {
    "criteria": {
      "cctvcraft": "2024-07-18 04:47:16 +0000"
    },
    "done": true
  },
  "mowziesmobs:sneak_grove": {
    "criteria": {
      "steal_crystal": "2024-07-18 04:54:09 +0000"
    },
    "done": true
  },
  "endofherobrine:story/exorcist": {
    "criteria": {
      "endofherobrine:silverfish": "2024-07-18 21:30:26 +0000",
      "endofherobrine:sheep": "2024-07-18 04:58:54 +0000"
    },
    "done": false
  },
  "idas:redhorn_guild": {
    "criteria": {
      "in_redhorn_guild": "2024-07-18 05:10:39 +0000"
    },
    "done": true
  },
  "minecraft:story/obtain_armor": {
    "criteria": {
      "iron_helmet": "2024-07-18 05:11:48 +0000"
    },
    "done": true
  },
  "minecraft:adventure/sleep_in_bed": {
    "criteria": {
      "slept_in_bed": "2024-07-18 05:22:28 +0000"
    },
    "done": true
  },
  "minecraft:story/smelt_iron": {
    "criteria": {
      "iron": "2024-07-18 05:30:53 +0000"
    },
    "done": true
  },
  "antlers:jerkeyadvance": {
    "criteria": {
      "jerkeyadvance": "2024-07-18 05:32:51 +0000"
    },
    "done": true
  },
  "minecraft:nether/get_wither_skull": {
    "criteria": {
      "wither_skull": "2024-07-18 05:33:25 +0000"
    },
    "done": true
  },
  "born_in_chaos_v1:pieceof_chaos": {
    "criteria": {
      "pieceof_chaos_0": "2024-07-18 21:55:43 +0000"
    },
    "done": true
  },
  "born_in_chaos_v1:bowfor_wizards": {
    "criteria": {
      "bowfor_wizards_0": "2024-07-18 21:55:43 +0000"
    },
    "done": true
  },
  "born_in_chaos_v1:dark_metallurgy": {
    "criteria": {
      "dark_metallurgy_0": "2024-07-18 21:55:43 +0000"
    },
    "done": true
  },
  "minecraft:story/mine_diamond": {
    "criteria": {
      "diamond": "2024-07-18 21:55:43 +0000"
    },
    "done": true
  },
  "minecraft:story/deflect_arrow": {
    "criteria": {
      "deflected_projectile": "2024-07-18 21:55:57 +0000"
    },
    "done": true
  },
  "born_in_chaos_v1:dismantledto_bones": {
    "criteria": {
      "dismantledto_bones_0": "2024-07-18 21:59:54 +0000"
    },
    "done": true
  },
  "arphex:darkness_bane": {
    "criteria": {
      "darkness_bane": "2024-07-18 22:13:47 +0000"
    },
    "done": true
  },
  "minecraft:story/iron_tools": {
    "criteria": {
      "iron_pickaxe": "2024-07-18 22:14:27 +0000"
    },
    "done": true
  },
  "born_in_chaos_v1:compact_necromancy": {
    "criteria": {
      "compact_necromancy_0": "2024-07-18 22:23:44 +0000"
    },
    "done": true
  },
  "minecraft:story/lava_bucket": {
    "criteria": {
      "lava_bucket": "2024-07-19 19:22:54 +0000"
    },
    "done": true
  },
  "mowziesmobs:suns_blessing": {
    "criteria": {
      "get_suns_blessing": "2024-07-19 20:00:03 +0000"
    },
    "done": true
  },
  "DataVersion": 3465
}